model,dataset,audio_file,duration_sec,processing_time_sec,rtf,wer,wer_sub,wer_del,wer_ins,cer,cer_sub,cer_del,cer_ins,wpm,lexical_density,avg_word_len,cs_score,peak_cpu_percent,peak_ram_mb,peak_vram_mb,timestamp,wer_pct,cer_pct,duration_fmt,processing_fmt,speed_x,speed_fmt
tiny,1762320200795-hari-minggoean,Hari Minggoean_001,2195.57,54.91,0.025,0.5998,0,0,0,0.394,0,0,0,100.08,0.2745,5.16,0.0022,14.3,4077.25,4834,2026-05-08 09:28:30.216865,59.98,39.4,36:35,00:54,40.0,40.0x
tiny,1762320200795-hari-minggoean,Hari Minggoean_002,772.85,11.72,0.0152,0.5818,0,0,0,0.4261,0,0,0,118.57,0.3827,5.24,0.0007,9.3,3527.55,3072,2026-05-08 09:28:42.464361,58.18,42.61,12:52,00:11,65.78947368421052,65.8x
tiny,1762320200795-hari-minggoean,Hari Minggoean_003,867.5,12.76,0.0147,0.4688,0,0,0,0.2387,0,0,0,122.69,0.3412,5.12,0.0006,12.4,3531.3,3996,2026-05-08 09:28:55.740720,46.88,23.87,14:27,00:12,68.02721088435375,68.0x
tiny,1762320200795-hari-minggoean,Hari Minggoean_004,1151.59,15.94,0.0138,0.6493,0,0,0,0.417,0,0,0,106.76,0.3662,5.48,0.0021,10.2,3531.3,3404,2026-05-08 09:29:12.218290,64.92999999999999,41.699999999999996,19:11,00:15,72.46376811594203,72.5x
tiny,1762320200795-hari-minggoean,Hari Minggoean_005,1129.37,15.99,0.0142,0.7328,0,0,0,0.569,0,0,0,112.81,0.325,5.25,0.002,9.2,3531.3,3196,2026-05-08 09:29:28.261056,73.28,56.89999999999999,18:49,00:15,70.4225352112676,70.4x
tiny,1762320200795-hari-minggoean,Hari Minggoean_006,1038.24,15.48,0.0149,0.7493,0,0,0,0.5478,0,0,0,124.63,0.3541,5.18,0.0062,10.6,3531.3,2468,2026-05-08 09:29:44.283726,74.92999999999999,54.779999999999994,17:18,00:15,67.11409395973155,67.1x
tiny,1762320200795-hari-minggoean,Hari Minggoean_007,1127.38,16.59,0.0147,0.4746,0,0,0,0.2397,0,0,0,111.72,0.3438,5.38,0.0029,11.9,3532.05,3154,2026-05-08 09:30:01.405633,47.46,23.97,18:47,00:16,68.02721088435375,68.0x
tiny,1762320200795-hari-minggoean,Hari Minggoean_008,1435.68,23.08,0.0161,0.7991,0,0,0,0.6455,0,0,0,110.61,0.3443,5.29,0.0047,16.3,3532.05,3204,2026-05-08 09:30:25.036320,79.91,64.55,23:55,00:23,62.11180124223603,62.1x
tiny,1762320200795-hari-minggoean,Hari Minggoean_009,1530.38,22.81,0.0149,0.6779,0,0,0,0.451,0,0,0,118.69,0.2948,5.25,0.0023,14.0,3532.8,3398,2026-05-08 09:30:47.946008,67.78999999999999,45.1,25:30,00:22,67.11409395973155,67.1x
tiny,1762320200795-hari-minggoean,Hari Minggoean_010,1482.22,21.38,0.0144,0.6706,0,0,0,0.4681,0,0,0,108.24,0.3119,5.39,0.0069,12.4,3532.8,3610,2026-05-08 09:31:09.420888,67.06,46.81,24:42,00:21,69.44444444444444,69.4x
tiny,1762320200795-hari-minggoean,Hari Minggoean_011,1683.82,23.49,0.014,0.6762,0,0,0,0.4929,0,0,0,104.73,0.309,5.3,0.0011,15.1,3532.8,3748,2026-05-08 09:31:33.465140,67.62,49.29,28:03,00:23,71.42857142857143,71.4x
tiny,1762320200795-hari-minggoean,Hari Minggoean_012,772.97,11.49,0.0149,0.7233,0,0,0,0.5443,0,0,0,108.96,0.3966,5.26,0.005,13.5,3532.8,2978,2026-05-08 09:31:45.493964,72.33000000000001,54.43,12:52,00:11,67.11409395973155,67.1x
tiny,1762320200795-hari-minggoean,Hari Minggoean_013,1980.58,28.02,0.0141,0.626,0,0,0,0.3898,0,0,0,106.76,0.2928,5.42,0.0029,12.1,3532.8,3504,2026-05-08 09:32:13.698983,62.6,38.98,33:00,00:28,70.92198581560284,70.9x
tiny,1762320200795-hari-minggoean,Hari Minggoean_014,1228.1,17.73,0.0144,0.5177,0,0,0,0.3039,0,0,0,113.09,0.3344,5.36,0.0075,14.1,3532.8,3748,2026-05-08 09:32:31.974972,51.77,30.39,20:28,00:17,69.44444444444444,69.4x
tiny,1762320200795-hari-minggoean,Hari Minggoean_015,1056.89,14.56,0.0138,0.5267,0,0,0,0.2849,0,0,0,113.13,0.3262,5.16,0.0021,12.9,3532.8,4438,2026-05-08 09:32:47.039177,52.669999999999995,28.49,17:36,00:14,72.46376811594203,72.5x
tiny,1762320200795-hari-minggoean,Hari Minggoean_016,583.42,8.22,0.0141,0.5308,0,0,0,0.3283,0,0,0,113.67,0.3812,5.17,0.0108,11.6,3532.8,3864,2026-05-08 09:32:55.763098,53.080000000000005,32.83,09:43,00:08,70.92198581560284,70.9x
tiny,1762320200795-hari-minggoean,Hari Minggoean_017,541.39,7.87,0.0145,0.5565,0,0,0,0.3504,0,0,0,119.77,0.3946,5.14,0.001,12.7,3532.8,2594,2026-05-08 09:33:03.853848,55.65,35.04,09:01,00:07,68.9655172413793,69.0x
tiny,1762320200795-hari-minggoean,Hari Minggoean_018,645.17,9.44,0.0146,0.5549,0,0,0,0.388,0,0,0,118.31,0.3345,5.21,0.0142,12.1,3532.8,3444,2026-05-08 09:33:13.358559,55.489999999999995,38.800000000000004,10:45,00:09,68.4931506849315,68.5x
tiny,1762320200795-hari-minggoean,Hari Minggoean_019,1536.46,21.71,0.0141,0.9302,0,0,0,0.6886,0,0,0,91.85,0.3074,5.27,0.004,12.4,3532.8,3552,2026-05-08 09:33:35.586595,93.02,68.86,25:36,00:21,70.92198581560284,70.9x
tiny,1762320200795-hari-minggoean,Hari Minggoean_020,801.26,12.06,0.0151,0.5739,0,0,0,0.3443,0,0,0,116.7,0.329,5.11,0.0039,13.3,3532.8,3088,2026-05-08 09:33:47.835102,57.38999999999999,34.43,13:21,00:12,66.2251655629139,66.2x
tiny,1762320200795-hari-minggoean,Hari Minggoean_021,944.54,13.82,0.0146,0.5253,0,0,0,0.332,0,0,0,116.06,0.3096,5.14,0.0011,11.4,3532.8,3200,2026-05-08 09:34:01.723881,52.53,33.2,15:44,00:13,68.4931506849315,68.5x
tiny,1762320200795-hari-minggoean,Hari Minggoean_022,1340.98,19.45,0.0145,0.5416,0,0,0,0.2934,0,0,0,114.94,0.2914,5.23,0.0016,11.8,3532.8,3424,2026-05-08 09:34:21.296323,54.16,29.34,22:20,00:19,68.9655172413793,69.0x
tiny,1762320200795-hari-minggoean,Hari Minggoean_023,1056.89,15.36,0.0145,0.5703,0,0,0,0.4186,0,0,0,111.07,0.3129,5.15,0.0005,12.6,3532.8,3728,2026-05-08 09:34:36.691685,57.03,41.86,17:36,00:15,68.9655172413793,69.0x
tiny,1762320200795-hari-minggoean,Hari Minggoean_024,1194.5,17.46,0.0146,0.4795,0,0,0,0.2782,0,0,0,114.88,0.3364,5.36,0.0013,13.6,3532.8,3528,2026-05-08 09:34:54.332212,47.949999999999996,27.82,19:54,00:17,68.4931506849315,68.5x
tiny,1762320200795-hari-minggoean,Hari Minggoean_025,749.33,10.45,0.0139,0.5025,0,0,0,0.2763,0,0,0,117.88,0.3343,5.37,0.0007,10.9,3532.8,3444,2026-05-08 09:35:04.960675,50.24999999999999,27.63,12:29,00:10,71.94244604316548,71.9x
tiny,1762320200795-hari-minggoean,Hari Minggoean_026,950.21,13.54,0.0142,0.459,0,0,0,0.2422,0,0,0,115.33,0.3022,5.23,0.0006,11.9,3532.8,3508,2026-05-08 09:35:19.020319,45.9,24.22,15:50,00:13,70.4225352112676,70.4x
tiny,1762320200795-hari-minggoean,Hari Minggoean_027,962.21,14.08,0.0146,0.6167,0,0,0,0.4604,0,0,0,127.48,0.3161,5.17,0.001,12.0,3532.8,2780,2026-05-08 09:35:33.262952,61.67,46.04,16:02,00:14,68.4931506849315,68.5x
tiny,1762320200795-hari-minggoean,Hari Minggoean_028,1362.98,19.89,0.0146,0.6055,0,0,0,0.3804,0,0,0,116.26,0.2785,5.19,0.0011,11.7,3533.55,3084,2026-05-08 09:35:53.690838,60.550000000000004,38.04,22:42,00:19,68.4931506849315,68.5x
tiny,1762320200795-hari-minggoean,Hari Minggoean_029,88.58,1.61,0.0182,0.5525,0,0,0,0.3132,0,0,0,129.29,0.5801,5.13,0.0,8.4,3533.55,2674,2026-05-08 09:35:55.827102,55.25,31.319999999999997,01:28,00:01,54.94505494505494,54.9x
tiny,1762320200795-hari-minggoean,Hari Minggoean_030,883.66,12.81,0.0145,0.5453,0,0,0,0.3122,0,0,0,114.02,0.3343,5.22,0.0054,7.1,3533.55,4876,2026-05-08 09:36:09.148143,54.53,31.22,14:43,00:12,68.9655172413793,69.0x
tiny,1762320200795-hari-minggoean,Hari Minggoean_031,472.8,7.29,0.0154,0.4674,0,0,0,0.2047,0,0,0,109.55,0.457,5.52,0.0012,7.7,3533.55,3464,2026-05-08 09:36:16.553766,46.739999999999995,20.47,07:52,00:07,64.93506493506493,64.9x
tiny,1762320200795-hari-minggoean,Hari Minggoean_032,619.99,9.26,0.0149,0.6283,0,0,0,0.3759,0,0,0,117.14,0.3726,5.17,0.0017,6.6,3533.55,2456,2026-05-08 09:36:26.344256,62.83,37.59,10:19,00:09,67.11409395973155,67.1x
tiny,1762320200795-hari-minggoean,Hari Minggoean_033,899.71,13.29,0.0148,0.4852,0,0,0,0.2759,0,0,0,116.54,0.3432,5.36,0.0076,8.1,3533.55,3548,2026-05-08 09:36:40.169994,48.52,27.589999999999996,14:59,00:13,67.56756756756756,67.6x
tiny,1762320200795-hari-minggoean,Hari Minggoean_034,1340.98,19.53,0.0146,0.5437,0,0,0,0.3591,0,0,0,127.29,0.2797,5.08,0.0021,11.0,3533.55,4168,2026-05-08 09:36:59.812716,54.37,35.91,22:20,00:19,68.4931506849315,68.5x
tiny,1762320200795-hari-minggoean,Hari Minggoean_035,780.02,11.97,0.0153,0.6647,0,0,0,0.4816,0,0,0,119.0,0.3579,5.24,0.0006,7.4,3533.55,2814,2026-05-08 09:37:12.027095,66.47,48.16,13:00,00:11,65.35947712418302,65.4x
tiny,1762320200795-hari-minggoean,Hari Minggoean_036,328.46,4.78,0.0146,0.3996,0,0,0,0.1548,0,0,0,104.34,0.4973,5.4,0.0072,6.0,3533.55,3002,2026-05-08 09:37:17.342874,39.96,15.479999999999999,05:28,00:04,68.4931506849315,68.5x
tiny,1762320200795-hari-minggoean,Hari Minggoean_037,1628.54,24.87,0.0153,0.5525,0,0,0,0.2987,0,0,0,123.94,0.2884,5.54,0.0,8.2,3533.55,2836,2026-05-08 09:37:42.779537,55.25,29.87,27:08,00:24,65.35947712418302,65.4x
tiny,1762320200795-hari-minggoean,Hari Minggoean_038,1719.77,25.49,0.0148,0.4571,0,0,0,0.2049,0,0,0,123.39,0.3027,5.68,0.0006,7.4,3533.55,4500,2026-05-08 09:38:08.460389,45.71,20.49,28:39,00:25,67.56756756756756,67.6x
tiny,1762320200795-hari-minggoean,Hari Minggoean_039,1392.22,20.37,0.0146,0.4749,0,0,0,0.2348,0,0,0,118.36,0.3055,5.47,0.0004,7.0,3533.55,3544,2026-05-08 09:38:29.366787,47.49,23.48,23:12,00:20,68.4931506849315,68.5x
tiny,1763685862325-homostoria,homostoria_01,3234.43,48.94,0.0151,0.6988,0,0,0,0.4757,0,0,0,119.31,0.2093,5.12,0.0009,11.0,3535.05,3092,2026-05-08 09:39:18.978535,69.88,47.57,53:54,00:48,66.2251655629139,66.2x
tiny,1763685862325-homostoria,homostoria_02,2311.73,34.89,0.0151,0.6656,0,0,0,0.5022,0,0,0,123.76,0.2333,5.19,0.0029,9.1,3535.8,3564,2026-05-08 09:39:54.066957,66.56,50.22,38:31,00:34,66.2251655629139,66.2x
tiny,1763685862325-homostoria,homostoria_03,2755.39,40.36,0.0146,0.6964,0,0,0,0.4663,0,0,0,116.58,0.2328,5.16,0.0047,8.8,3535.8,3376,2026-05-08 09:40:34.693165,69.64,46.63,45:55,00:40,68.4931506849315,68.5x
tiny,1763685862325-homostoria,homostoria_04,2231.78,32.96,0.0148,0.5838,0,0,0,0.3121,0,0,0,121.99,0.2326,5.24,0.0002,9.9,3535.8,3558,2026-05-08 09:41:08.259802,58.379999999999995,31.209999999999997,37:11,00:32,67.56756756756756,67.6x
tiny,1763685862325-homostoria,homostoria_05,3105.96,45.46,0.0146,0.6882,0,0,0,0.4576,0,0,0,117.49,0.2054,5.18,0.0016,8.7,3535.8,3590,2026-05-08 09:41:54.333315,68.82000000000001,45.76,51:45,00:45,68.4931506849315,68.5x
tiny,1763685862325-homostoria,homostoria_06,1917.55,27.02,0.0141,0.617,0,0,0,0.4028,0,0,0,104.15,0.2783,5.32,0.0138,10.4,3535.8,3204,2026-05-08 09:42:21.444892,61.7,40.28,31:57,00:27,70.92198581560284,70.9x
tiny,1763685862325-homostoria,homostoria_07,2578.78,37.41,0.0145,0.7742,0,0,0,0.5985,0,0,0,114.93,0.2215,5.13,0.0069,7.6,3535.8,2832,2026-05-08 09:42:59.464126,77.42,59.85,42:58,00:37,68.9655172413793,69.0x
tiny,1763685862325-homostoria,homostoria_08,3494.69,50.03,0.0143,0.681,0,0,0,0.5057,0,0,0,113.85,0.2157,5.31,0.0008,10.8,3535.8,3076,2026-05-08 09:43:50.176093,68.10000000000001,50.57000000000001,58:14,00:50,69.93006993006993,69.9x
tiny,1763685862325-homostoria,homostoria_09A,2830.78,40.16,0.0142,0.7431,0,0,0,0.5945,0,0,0,112.75,0.2273,5.12,0.0004,7.9,3535.8,3476,2026-05-08 09:44:30.638803,74.31,59.45,47:10,00:40,70.4225352112676,70.4x
tiny,1763685862325-homostoria,homostoria_09B,3450.07,49.62,0.0144,0.7259,0,0,0,0.5541,0,0,0,109.37,0.2225,5.19,0.0,10.2,3535.8,4019,2026-05-08 09:45:20.551959,72.59,55.410000000000004,57:30,00:49,69.44444444444444,69.4x
tiny,1763685862325-homostoria,homostoria_10,3159.48,45.49,0.0144,0.8204,0,0,0,0.6348,0,0,0,108.72,0.2353,5.18,0.0035,8.7,3535.8,3140,2026-05-08 09:46:06.689803,82.04,63.480000000000004,52:39,00:45,69.44444444444444,69.4x
tiny,1763685862325-homostoria,homostoria_11,1602.17,23.06,0.0144,0.639,0,0,0,0.4582,0,0,0,108.43,0.306,5.35,0.0038,9.5,3535.8,3796,2026-05-08 09:46:30.292968,63.9,45.82,26:42,00:23,69.44444444444444,69.4x
tiny,1763685862325-homostoria,homostoria_12,1686.0,24.95,0.0148,0.8126,0,0,0,0.6438,0,0,0,108.68,0.2795,5.07,0.0,9.6,3535.8,3506,2026-05-08 09:46:55.794381,81.26,64.38000000000001,28:06,00:24,67.56756756756756,67.6x
tiny,1763685862325-homostoria,homostoria_13,2762.45,40.83,0.0148,0.6854,0,0,0,0.4929,0,0,0,119.65,0.2222,5.09,0.0025,10.8,3535.8,3192,2026-05-08 09:47:36.778082,68.54,49.29,46:02,00:40,67.56756756756756,67.6x
tiny,1763685862325-homostoria,homostoria_14,2139.72,29.88,0.014,0.655,0,0,0,0.5032,0,0,0,99.32,0.2732,5.29,0.0025,10.0,3535.8,3292,2026-05-08 09:48:07.218723,65.5,50.32,35:39,00:29,71.42857142857143,71.4x
tiny,1763685862325-homostoria,homostoria_15,1432.68,20.68,0.0144,0.6459,0,0,0,0.5274,0,0,0,112.29,0.2851,5.15,0.0004,7.5,3535.8,3192,2026-05-08 09:48:28.459871,64.59,52.739999999999995,23:52,00:20,69.44444444444444,69.4x
base,1762320200795-hari-minggoean,Hari Minggoean_001,2195.57,33.02,0.015,0.3622,0,0,0,0.1558,0,0,0,100.08,0.2745,5.16,0.0022,15.6,3595.08,4430,2026-05-08 09:49:01.700594,36.22,15.58,36:35,00:33,66.66666666666667,66.7x
base,1762320200795-hari-minggoean,Hari Minggoean_002,772.85,11.56,0.015,0.3525,0,0,0,0.1453,0,0,0,118.57,0.3827,5.24,0.0007,7.1,3508.9,3680,2026-05-08 09:49:13.452054,35.25,14.530000000000001,12:52,00:11,66.66666666666667,66.7x
base,1762320200795-hari-minggoean,Hari Minggoean_003,867.5,12.91,0.0149,0.3239,0,0,0,0.1223,0,0,0,122.69,0.3412,5.12,0.0006,9.1,3508.9,4248,2026-05-08 09:49:26.874241,32.39,12.23,14:27,00:12,67.11409395973155,67.1x
base,1762320200795-hari-minggoean,Hari Minggoean_004,1151.59,16.0,0.0139,0.4592,0,0,0,0.2056,0,0,0,106.76,0.3662,5.48,0.0021,10.8,3508.9,3680,2026-05-08 09:49:43.420722,45.92,20.560000000000002,19:11,00:16,71.94244604316548,71.9x
base,1762320200795-hari-minggoean,Hari Minggoean_005,1129.37,16.0,0.0142,0.5059,0,0,0,0.2595,0,0,0,112.81,0.325,5.25,0.002,8.5,3508.9,3680,2026-05-08 09:49:59.947136,50.59,25.95,18:49,00:16,70.4225352112676,70.4x
base,1762320200795-hari-minggoean,Hari Minggoean_006,1038.24,15.61,0.015,0.6287,0,0,0,0.3083,0,0,0,124.63,0.3541,5.18,0.0062,7.8,3508.9,3424,2026-05-08 09:50:16.095241,62.870000000000005,30.830000000000002,17:18,00:15,66.66666666666667,66.7x
base,1762320200795-hari-minggoean,Hari Minggoean_007,1127.38,16.14,0.0143,0.3027,0,0,0,0.1129,0,0,0,111.72,0.3438,5.38,0.0029,8.9,3508.9,3406,2026-05-08 09:50:32.760883,30.270000000000003,11.29,18:47,00:16,69.93006993006993,69.9x
base,1762320200795-hari-minggoean,Hari Minggoean_008,1435.68,20.7,0.0144,0.6021,0,0,0,0.3123,0,0,0,110.61,0.3443,5.29,0.0047,7.2,3508.9,3680,2026-05-08 09:50:54.002568,60.209999999999994,31.230000000000004,23:55,00:20,69.44444444444444,69.4x
base,1762320200795-hari-minggoean,Hari Minggoean_009,1530.38,22.62,0.0148,0.5322,0,0,0,0.2863,0,0,0,118.69,0.2948,5.25,0.0023,7.6,3508.9,3650,2026-05-08 09:51:16.816554,53.22,28.63,25:30,00:22,67.56756756756756,67.6x
base,1762320200795-hari-minggoean,Hari Minggoean_010,1482.22,20.96,0.0141,0.4575,0,0,0,0.2192,0,0,0,108.24,0.3119,5.39,0.0069,7.3,3508.9,3862,2026-05-08 09:51:38.076703,45.75,21.92,24:42,00:20,70.92198581560284,70.9x
base,1762320200795-hari-minggoean,Hari Minggoean_011,1683.82,23.32,0.0138,0.4853,0,0,0,0.2422,0,0,0,104.73,0.309,5.3,0.0011,9.6,3508.9,4002,2026-05-08 09:52:01.930367,48.53,24.22,28:03,00:23,72.46376811594203,72.5x
base,1762320200795-hari-minggoean,Hari Minggoean_012,772.97,11.17,0.0145,0.4864,0,0,0,0.2384,0,0,0,108.96,0.3966,5.26,0.005,7.9,3508.9,3232,2026-05-08 09:52:13.280712,48.64,23.84,12:52,00:11,68.9655172413793,69.0x
base,1762320200795-hari-minggoean,Hari Minggoean_013,1980.58,28.63,0.0145,0.4107,0,0,0,0.18,0,0,0,106.76,0.2928,5.42,0.0029,8.8,3508.9,3756,2026-05-08 09:52:42.024001,41.07,18.0,33:00,00:28,68.9655172413793,69.0x
base,1762320200795-hari-minggoean,Hari Minggoean_014,1228.1,17.59,0.0143,0.2936,0,0,0,0.1169,0,0,0,113.09,0.3344,5.36,0.0075,9.5,3508.9,4000,2026-05-08 09:53:00.141199,29.360000000000003,11.690000000000001,20:28,00:17,69.93006993006993,69.9x
base,1762320200795-hari-minggoean,Hari Minggoean_015,1056.89,14.93,0.0141,0.3438,0,0,0,0.1456,0,0,0,113.13,0.3262,5.16,0.0021,8.5,3508.9,4692,2026-05-08 09:53:15.609163,34.38,14.56,17:36,00:14,70.92198581560284,70.9x
base,1762320200795-hari-minggoean,Hari Minggoean_016,583.42,8.46,0.0145,0.3275,0,0,0,0.136,0,0,0,113.67,0.3812,5.17,0.0108,8.0,3508.9,4116,2026-05-08 09:53:24.156175,32.75,13.600000000000001,09:43,00:08,68.9655172413793,69.0x
base,1762320200795-hari-minggoean,Hari Minggoean_017,541.39,8.05,0.0149,0.3621,0,0,0,0.155,0,0,0,119.77,0.3946,5.14,0.001,7.2,3508.9,3680,2026-05-08 09:53:32.733161,36.21,15.5,09:01,00:08,67.11409395973155,67.1x
base,1762320200795-hari-minggoean,Hari Minggoean_018,645.17,9.46,0.0147,0.3579,0,0,0,0.1483,0,0,0,118.31,0.3345,5.21,0.0142,7.3,3508.9,3696,2026-05-08 09:53:42.681770,35.79,14.829999999999998,10:45,00:09,68.02721088435375,68.0x
base,1762320200795-hari-minggoean,Hari Minggoean_019,1536.46,20.89,0.0136,0.5477,0,0,0,0.2934,0,0,0,91.85,0.3074,5.27,0.004,8.2,3508.9,3804,2026-05-08 09:54:04.097970,54.769999999999996,29.34,25:36,00:20,73.52941176470588,73.5x
base,1762320200795-hari-minggoean,Hari Minggoean_020,801.26,11.8,0.0147,0.3303,0,0,0,0.1581,0,0,0,116.7,0.329,5.11,0.0039,7.5,3508.9,3680,2026-05-08 09:54:16.428961,33.03,15.809999999999999,13:21,00:11,68.02721088435375,68.0x
base,1762320200795-hari-minggoean,Hari Minggoean_021,944.54,13.83,0.0146,0.343,0,0,0,0.148,0,0,0,116.06,0.3096,5.14,0.0011,6.6,3508.9,3452,2026-05-08 09:54:30.780425,34.300000000000004,14.799999999999999,15:44,00:13,68.4931506849315,68.5x
base,1762320200795-hari-minggoean,Hari Minggoean_022,1340.98,19.62,0.0146,0.3633,0,0,0,0.1679,0,0,0,114.94,0.2914,5.23,0.0016,7.6,3508.9,3676,2026-05-08 09:54:50.583754,36.33,16.79,22:20,00:19,68.4931506849315,68.5x
base,1762320200795-hari-minggoean,Hari Minggoean_023,1056.89,15.24,0.0144,0.3368,0,0,0,0.1806,0,0,0,111.07,0.3129,5.15,0.0005,7.5,3508.9,3980,2026-05-08 09:55:06.319735,33.68,18.060000000000002,17:36,00:15,69.44444444444444,69.4x
base,1762320200795-hari-minggoean,Hari Minggoean_024,1194.5,17.38,0.0146,0.2901,0,0,0,0.1109,0,0,0,114.88,0.3364,5.36,0.0013,8.5,3508.9,3780,2026-05-08 09:55:23.824313,29.01,11.09,19:54,00:17,68.4931506849315,68.5x
base,1762320200795-hari-minggoean,Hari Minggoean_025,749.33,10.39,0.0139,0.34,0,0,0,0.159,0,0,0,117.88,0.3343,5.37,0.0007,9.0,3508.9,3696,2026-05-08 09:55:34.740635,34.0,15.9,12:29,00:10,71.94244604316548,71.9x
base,1762320200795-hari-minggoean,Hari Minggoean_026,950.21,13.66,0.0144,0.3028,0,0,0,0.1213,0,0,0,115.33,0.3022,5.23,0.0006,10.1,3508.9,3760,2026-05-08 09:55:48.917634,30.28,12.13,15:50,00:13,69.44444444444444,69.4x
base,1762320200795-hari-minggoean,Hari Minggoean_027,962.21,14.22,0.0148,0.4124,0,0,0,0.1829,0,0,0,127.48,0.3161,5.17,0.001,7.6,3508.9,3032,2026-05-08 09:56:03.241059,41.24,18.29,16:02,00:14,67.56756756756756,67.6x
base,1762320200795-hari-minggoean,Hari Minggoean_028,1362.98,20.01,0.0147,0.4119,0,0,0,0.1909,0,0,0,116.26,0.2785,5.19,0.0011,8.2,3508.9,3336,2026-05-08 09:56:23.451604,41.19,19.09,22:42,00:20,68.02721088435375,68.0x
base,1762320200795-hari-minggoean,Hari Minggoean_029,88.58,1.59,0.0179,0.3702,0,0,0,0.176,0,0,0,129.29,0.5801,5.13,0.0,6.5,3508.9,2928,2026-05-08 09:56:25.558933,37.019999999999996,17.599999999999998,01:28,00:01,55.865921787709496,55.9x
base,1762320200795-hari-minggoean,Hari Minggoean_030,883.66,13.08,0.0148,0.3385,0,0,0,0.1462,0,0,0,114.02,0.3343,5.22,0.0054,8.0,3508.9,5128,2026-05-08 09:56:38.928523,33.85,14.62,14:43,00:13,67.56756756756756,67.6x
base,1762320200795-hari-minggoean,Hari Minggoean_031,472.8,7.14,0.0151,0.3174,0,0,0,0.1014,0,0,0,109.55,0.457,5.52,0.0012,8.2,3508.9,3716,2026-05-08 09:56:46.578285,31.740000000000002,10.14,07:52,00:07,66.2251655629139,66.2x
base,1762320200795-hari-minggoean,Hari Minggoean_032,619.99,9.22,0.0149,0.4079,0,0,0,0.1805,0,0,0,117.14,0.3726,5.17,0.0017,7.8,3508.9,2708,2026-05-08 09:56:56.338186,40.79,18.05,10:19,00:09,67.11409395973155,67.1x
base,1762320200795-hari-minggoean,Hari Minggoean_033,899.71,13.24,0.0147,0.3176,0,0,0,0.129,0,0,0,116.54,0.3432,5.36,0.0076,8.3,3508.9,3800,2026-05-08 09:57:09.630297,31.759999999999998,12.9,14:59,00:13,68.02721088435375,68.0x
base,1762320200795-hari-minggoean,Hari Minggoean_034,1340.98,19.81,0.0148,0.3485,0,0,0,0.156,0,0,0,127.29,0.2797,5.08,0.0021,8.7,3508.9,4420,2026-05-08 09:57:29.978606,34.849999999999994,15.6,22:20,00:19,67.56756756756756,67.6x
base,1762320200795-hari-minggoean,Hari Minggoean_035,780.02,11.59,0.0149,0.435,0,0,0,0.2086,0,0,0,119.0,0.3579,5.24,0.0006,8.7,3508.9,3064,2026-05-08 09:57:41.649127,43.5,20.86,13:00,00:11,67.11409395973155,67.1x
base,1762320200795-hari-minggoean,Hari Minggoean_036,328.46,4.75,0.0145,0.2749,0,0,0,0.0946,0,0,0,104.34,0.4973,5.4,0.0072,8.0,3508.9,3256,2026-05-08 09:57:46.477614,27.49,9.46,05:28,00:04,68.9655172413793,69.0x
base,1762320200795-hari-minggoean,Hari Minggoean_037,1628.54,24.33,0.0149,0.2991,0,0,0,0.1094,0,0,0,123.94,0.2884,5.54,0.0,7.0,3508.9,3088,2026-05-08 09:58:10.977594,29.909999999999997,10.94,27:08,00:24,67.11409395973155,67.1x
base,1762320200795-hari-minggoean,Hari Minggoean_038,1719.77,25.82,0.015,0.3202,0,0,0,0.1104,0,0,0,123.39,0.3027,5.68,0.0006,7.2,3508.9,4754,2026-05-08 09:58:37.334425,32.019999999999996,11.04,28:39,00:25,66.66666666666667,66.7x
base,1762320200795-hari-minggoean,Hari Minggoean_039,1392.22,20.56,0.0148,0.323,0,0,0,0.1276,0,0,0,118.36,0.3055,5.47,0.0004,9.8,3508.9,3796,2026-05-08 09:58:58.097981,32.300000000000004,12.76,23:12,00:20,67.56756756756756,67.6x
base,1763685862325-homostoria,homostoria_01,3234.43,47.73,0.0148,0.4408,0,0,0,0.2233,0,0,0,119.31,0.2093,5.12,0.0009,9.3,3508.9,3680,2026-05-08 09:59:46.170094,44.080000000000005,22.33,53:54,00:47,67.56756756756756,67.6x
base,1763685862325-homostoria,homostoria_02,2311.73,34.58,0.015,0.4011,0,0,0,0.187,0,0,0,123.76,0.2333,5.19,0.0029,8.5,3508.9,3818,2026-05-08 10:00:21.322796,40.11,18.7,38:31,00:34,66.66666666666667,66.7x
base,1763685862325-homostoria,homostoria_03,2755.39,40.61,0.0147,0.4469,0,0,0,0.2278,0,0,0,116.58,0.2328,5.16,0.0047,7.5,3508.9,3680,2026-05-08 10:01:02.516070,44.690000000000005,22.78,45:55,00:40,68.02721088435375,68.0x
base,1763685862325-homostoria,homostoria_04,2231.78,33.14,0.0149,0.3327,0,0,0,0.1475,0,0,0,121.99,0.2326,5.24,0.0002,9.6,3508.9,3810,2026-05-08 10:01:35.947698,33.269999999999996,14.75,37:11,00:33,67.11409395973155,67.1x
base,1763685862325-homostoria,homostoria_05,3105.96,45.16,0.0145,0.4031,0,0,0,0.1937,0,0,0,117.49,0.2054,5.18,0.0016,8.3,3508.9,3844,2026-05-08 10:02:21.207965,40.31,19.37,51:45,00:45,68.9655172413793,69.0x
base,1763685862325-homostoria,homostoria_06,1917.55,26.57,0.0139,0.386,0,0,0,0.1681,0,0,0,104.15,0.2783,5.32,0.0138,7.9,3508.9,3456,2026-05-08 10:02:47.884809,38.6,16.81,31:57,00:26,71.94244604316548,71.9x
base,1763685862325-homostoria,homostoria_07,2578.78,37.97,0.0147,0.5476,0,0,0,0.3033,0,0,0,114.93,0.2215,5.13,0.0069,7.5,3508.9,3680,2026-05-08 10:03:26.454347,54.76,30.330000000000002,42:58,00:37,68.02721088435375,68.0x
base,1763685862325-homostoria,homostoria_08,3494.69,51.15,0.0146,0.4848,0,0,0,0.2506,0,0,0,113.85,0.2157,5.31,0.0008,10.0,3509.65,3680,2026-05-08 10:04:17.830147,48.480000000000004,25.06,58:14,00:51,68.4931506849315,68.5x
base,1763685862325-homostoria,homostoria_09A,2830.78,41.46,0.0146,0.5985,0,0,0,0.3416,0,0,0,112.75,0.2273,5.12,0.0004,8.9,3509.65,3728,2026-05-08 10:04:59.475076,59.85,34.160000000000004,47:10,00:41,68.4931506849315,68.5x
base,1763685862325-homostoria,homostoria_09B,3450.07,49.88,0.0145,0.5871,0,0,0,0.3363,0,0,0,109.37,0.2225,5.19,0.0,8.0,3509.65,4072,2026-05-08 10:05:49.609725,58.709999999999994,33.629999999999995,57:30,00:49,68.9655172413793,69.0x
base,1763685862325-homostoria,homostoria_10,3159.48,45.97,0.0145,0.6321,0,0,0,0.3374,0,0,0,108.72,0.2353,5.18,0.0035,9.9,3509.65,3680,2026-05-08 10:06:35.733202,63.21,33.739999999999995,52:39,00:45,68.9655172413793,69.0x
base,1763685862325-homostoria,homostoria_11,1602.17,22.79,0.0142,0.3972,0,0,0,0.1666,0,0,0,108.43,0.306,5.35,0.0038,8.7,3509.65,4048,2026-05-08 10:06:58.566413,39.72,16.66,26:42,00:22,70.4225352112676,70.4x
base,1763685862325-homostoria,homostoria_12,1686.0,24.83,0.0147,0.5619,0,0,0,0.2902,0,0,0,108.68,0.2795,5.07,0.0,9.7,3509.65,3758,2026-05-08 10:07:23.446967,56.19,29.020000000000003,28:06,00:24,68.02721088435375,68.0x
base,1763685862325-homostoria,homostoria_13,2762.45,40.46,0.0146,0.4555,0,0,0,0.2227,0,0,0,119.65,0.2222,5.09,0.0025,7.9,3509.65,3648,2026-05-08 10:08:04.023996,45.550000000000004,22.27,46:02,00:40,68.4931506849315,68.5x
base,1763685862325-homostoria,homostoria_14,2139.72,29.36,0.0137,0.4414,0,0,0,0.1949,0,0,0,99.32,0.2732,5.29,0.0025,8.6,3509.65,3680,2026-05-08 10:08:33.934974,44.14,19.49,35:39,00:29,72.99270072992701,73.0x
base,1763685862325-homostoria,homostoria_15,1432.68,20.62,0.0144,0.3836,0,0,0,0.1741,0,0,0,112.29,0.2851,5.15,0.0004,7.8,3509.65,3680,2026-05-08 10:08:55.090645,38.36,17.41,23:52,00:20,69.44444444444444,69.4x
small,1762320200795-hari-minggoean,Hari Minggoean_001,2195.57,36.44,0.0166,0.2105,0,0,0,0.0886,0,0,0,100.08,0.2745,5.16,0.0022,10.5,3723.4,4750,2026-05-08 10:09:32.067337,21.05,8.86,36:35,00:36,60.24096385542168,60.2x
small,1762320200795-hari-minggoean,Hari Minggoean_002,772.85,12.5,0.0162,0.2064,0,0,0,0.0788,0,0,0,118.57,0.3827,5.24,0.0007,7.2,3528.05,4736,2026-05-08 10:09:44.832813,20.64,7.88,12:52,00:12,61.7283950617284,61.7x
small,1762320200795-hari-minggoean,Hari Minggoean_003,867.5,14.22,0.0164,0.1928,0,0,0,0.0645,0,0,0,122.69,0.3412,5.12,0.0006,7.4,3528.05,4736,2026-05-08 10:09:59.272404,19.28,6.45,14:27,00:14,60.975609756097555,61.0x
small,1762320200795-hari-minggoean,Hari Minggoean_004,1151.59,17.59,0.0153,0.3006,0,0,0,0.1274,0,0,0,106.76,0.3662,5.48,0.0021,7.7,3528.05,3976,2026-05-08 10:10:17.386266,30.06,12.740000000000002,19:11,00:17,65.35947712418302,65.4x
small,1762320200795-hari-minggoean,Hari Minggoean_005,1129.37,18.16,0.0161,0.3559,0,0,0,0.1916,0,0,0,112.81,0.325,5.25,0.002,10.1,3528.05,4736,2026-05-08 10:10:36.065575,35.589999999999996,19.16,18:49,00:18,62.11180124223603,62.1x
small,1762320200795-hari-minggoean,Hari Minggoean_006,1038.24,17.42,0.0168,0.3527,0,0,0,0.1672,0,0,0,124.63,0.3541,5.18,0.0062,9.2,3528.05,4736,2026-05-08 10:10:53.614657,35.27,16.72,17:18,00:17,59.523809523809526,59.5x
small,1762320200795-hari-minggoean,Hari Minggoean_007,1127.38,17.96,0.0159,0.168,0,0,0,0.0538,0,0,0,111.72,0.3438,5.38,0.0029,7.8,3528.05,4736,2026-05-08 10:11:11.765732,16.8,5.38,18:47,00:17,62.893081761006286,62.9x
small,1762320200795-hari-minggoean,Hari Minggoean_008,1435.68,23.43,0.0163,0.3857,0,0,0,0.1918,0,0,0,110.61,0.3443,5.29,0.0047,9.7,3528.05,4640,2026-05-08 10:11:35.725736,38.57,19.18,23:55,00:23,61.34969325153375,61.3x
small,1762320200795-hari-minggoean,Hari Minggoean_009,1530.38,25.61,0.0167,0.3248,0,0,0,0.1476,0,0,0,118.69,0.2948,5.25,0.0023,10.4,3528.05,4736,2026-05-08 10:12:01.871287,32.48,14.760000000000002,25:30,00:25,59.880239520958085,59.9x
small,1762320200795-hari-minggoean,Hari Minggoean_010,1482.22,23.79,0.016,0.2753,0,0,0,0.126,0,0,0,108.24,0.3119,5.39,0.0069,7.7,3528.05,4736,2026-05-08 10:12:25.742107,27.529999999999998,12.6,24:42,00:23,62.5,62.5x
small,1762320200795-hari-minggoean,Hari Minggoean_011,1683.82,26.38,0.0157,0.2989,0,0,0,0.1369,0,0,0,104.73,0.309,5.3,0.0011,8.3,3528.05,4736,2026-05-08 10:12:52.300384,29.89,13.69,28:03,00:26,63.69426751592357,63.7x
small,1762320200795-hari-minggoean,Hari Minggoean_012,772.97,12.37,0.016,0.3374,0,0,0,0.155,0,0,0,108.96,0.3966,5.26,0.005,7.2,3528.05,4736,2026-05-08 10:13:05.191706,33.739999999999995,15.5,12:52,00:12,62.5,62.5x
small,1762320200795-hari-minggoean,Hari Minggoean_013,1980.58,30.94,0.0156,0.227,0,0,0,0.0977,0,0,0,106.76,0.2928,5.42,0.0029,7.7,3528.05,4736,2026-05-08 10:13:36.695424,22.7,9.77,33:00,00:30,64.1025641025641,64.1x
small,1762320200795-hari-minggoean,Hari Minggoean_014,1228.1,19.43,0.0158,0.1763,0,0,0,0.065,0,0,0,113.09,0.3344,5.36,0.0075,7.9,3528.05,4320,2026-05-08 10:13:56.646483,17.630000000000003,6.5,20:28,00:19,63.291139240506325,63.3x
small,1762320200795-hari-minggoean,Hari Minggoean_015,1056.89,16.14,0.0153,0.2191,0,0,0,0.0852,0,0,0,113.13,0.3262,5.16,0.0021,10.3,3528.05,5012,2026-05-08 10:14:13.083229,21.91,8.52,17:36,00:16,65.35947712418302,65.4x
small,1762320200795-hari-minggoean,Hari Minggoean_016,583.42,9.08,0.0156,0.2209,0,0,0,0.0957,0,0,0,113.67,0.3812,5.17,0.0108,7.1,3528.8,4436,2026-05-08 10:14:22.677876,22.09,9.569999999999999,09:43,00:09,64.1025641025641,64.1x
small,1762320200795-hari-minggoean,Hari Minggoean_017,541.39,8.91,0.0165,0.2079,0,0,0,0.0924,0,0,0,119.77,0.3946,5.14,0.001,6.7,3528.8,4736,2026-05-08 10:14:31.723262,20.79,9.24,09:01,00:08,60.6060606060606,60.6x
small,1762320200795-hari-minggoean,Hari Minggoean_018,645.17,10.49,0.0163,0.2121,0,0,0,0.088,0,0,0,118.31,0.3345,5.21,0.0142,8.2,3528.8,4016,2026-05-08 10:14:42.338018,21.21,8.799999999999999,10:45,00:10,61.34969325153375,61.3x
small,1762320200795-hari-minggoean,Hari Minggoean_019,1536.46,23.89,0.0155,0.417,0,0,0,0.2598,0,0,0,91.85,0.3074,5.27,0.004,9.8,3528.8,4736,2026-05-08 10:15:06.280295,41.699999999999996,25.979999999999997,25:36,00:23,64.51612903225806,64.5x
small,1762320200795-hari-minggoean,Hari Minggoean_020,801.26,13.52,0.0169,0.1877,0,0,0,0.0756,0,0,0,116.7,0.329,5.11,0.0039,8.7,3528.8,4943,2026-05-08 10:15:20.322603,18.77,7.5600000000000005,13:21,00:13,59.1715976331361,59.2x
small,1762320200795-hari-minggoean,Hari Minggoean_021,944.54,15.16,0.0161,0.1757,0,0,0,0.0655,0,0,0,116.06,0.3096,5.14,0.0011,9.7,3528.8,4736,2026-05-08 10:15:35.702394,17.57,6.550000000000001,15:44,00:15,62.11180124223603,62.1x
small,1762320200795-hari-minggoean,Hari Minggoean_022,1340.98,21.6,0.0161,0.1956,0,0,0,0.0797,0,0,0,114.94,0.2914,5.23,0.0016,9.3,3528.8,4736,2026-05-08 10:15:57.469922,19.56,7.969999999999999,22:20,00:21,62.11180124223603,62.1x
small,1762320200795-hari-minggoean,Hari Minggoean_023,1056.89,16.73,0.0158,0.1982,0,0,0,0.0748,0,0,0,111.07,0.3129,5.15,0.0005,10.2,3528.8,4736,2026-05-08 10:16:14.424255,19.82,7.48,17:36,00:16,63.291139240506325,63.3x
small,1762320200795-hari-minggoean,Hari Minggoean_024,1194.5,19.23,0.0161,0.1766,0,0,0,0.0635,0,0,0,114.88,0.3364,5.36,0.0013,8.8,3528.8,4100,2026-05-08 10:16:34.177548,17.66,6.35,19:54,00:19,62.11180124223603,62.1x
small,1762320200795-hari-minggoean,Hari Minggoean_025,749.33,11.71,0.0156,0.1912,0,0,0,0.0658,0,0,0,117.88,0.3343,5.37,0.0007,9.6,3528.8,4736,2026-05-08 10:16:45.899490,19.12,6.58,12:29,00:11,64.1025641025641,64.1x
small,1762320200795-hari-minggoean,Hari Minggoean_026,950.21,15.06,0.0158,0.1551,0,0,0,0.0588,0,0,0,115.33,0.3022,5.23,0.0006,9.8,3528.8,4736,2026-05-08 10:17:01.469627,15.509999999999998,5.88,15:50,00:15,63.291139240506325,63.3x
small,1762320200795-hari-minggoean,Hari Minggoean_027,962.21,15.85,0.0165,0.2569,0,0,0,0.1095,0,0,0,127.48,0.3161,5.17,0.001,10.2,3528.8,4736,2026-05-08 10:17:17.452152,25.69,10.95,16:02,00:15,60.6060606060606,60.6x
small,1762320200795-hari-minggoean,Hari Minggoean_028,1362.98,22.0,0.0161,0.2232,0,0,0,0.0913,0,0,0,116.26,0.2785,5.19,0.0011,9.0,3528.8,4736,2026-05-08 10:17:40.007842,22.32,9.13,22:42,00:22,62.11180124223603,62.1x
small,1762320200795-hari-minggoean,Hari Minggoean_029,88.58,1.88,0.0212,0.2707,0,0,0,0.1245,0,0,0,129.29,0.5801,5.13,0.0,8.8,3528.8,2944,2026-05-08 10:17:42.407048,27.07,12.45,01:28,00:01,47.16981132075472,47.2x
small,1762320200795-hari-minggoean,Hari Minggoean_030,883.66,14.12,0.016,0.1859,0,0,0,0.0744,0,0,0,114.02,0.3343,5.22,0.0054,10.0,3528.8,5448,2026-05-08 10:17:56.813097,18.59,7.4399999999999995,14:43,00:14,62.5,62.5x
small,1762320200795-hari-minggoean,Hari Minggoean_031,472.8,7.86,0.0166,0.1581,0,0,0,0.0484,0,0,0,109.55,0.457,5.52,0.0012,9.2,3528.8,4736,2026-05-08 10:18:04.844889,15.809999999999999,4.84,07:52,00:07,60.24096385542168,60.2x
small,1762320200795-hari-minggoean,Hari Minggoean_032,619.99,10.08,0.0163,0.2355,0,0,0,0.1024,0,0,0,117.14,0.3726,5.17,0.0017,8.4,3528.8,3712,2026-05-08 10:18:15.456727,23.549999999999997,10.24,10:19,00:10,61.34969325153375,61.3x
small,1762320200795-hari-minggoean,Hari Minggoean_033,899.71,14.62,0.0163,0.1978,0,0,0,0.0879,0,0,0,116.54,0.3432,5.36,0.0076,7.9,3528.8,4120,2026-05-08 10:18:30.323673,19.78,8.790000000000001,14:59,00:14,61.34969325153375,61.3x
small,1762320200795-hari-minggoean,Hari Minggoean_034,1340.98,21.61,0.0161,0.1988,0,0,0,0.0842,0,0,0,127.29,0.2797,5.08,0.0021,8.9,3528.8,4740,2026-05-08 10:18:52.087722,19.88,8.42,22:20,00:21,62.11180124223603,62.1x
small,1762320200795-hari-minggoean,Hari Minggoean_035,780.02,12.96,0.0166,0.255,0,0,0,0.1187,0,0,0,119.0,0.3579,5.24,0.0006,8.6,3528.8,4736,2026-05-08 10:19:05.569091,25.5,11.87,13:00,00:12,60.24096385542168,60.2x
small,1762320200795-hari-minggoean,Hari Minggoean_036,328.46,5.19,0.0158,0.1555,0,0,0,0.0483,0,0,0,104.34,0.4973,5.4,0.0072,9.0,3528.8,3576,2026-05-08 10:19:10.854972,15.55,4.83,05:28,00:05,63.291139240506325,63.3x
small,1762320200795-hari-minggoean,Hari Minggoean_037,1628.54,27.29,0.0168,0.1606,0,0,0,0.0597,0,0,0,123.94,0.2884,5.54,0.0,14.6,3528.8,4736,2026-05-08 10:19:38.687528,16.06,5.970000000000001,27:08,00:27,59.523809523809526,59.5x
small,1762320200795-hari-minggoean,Hari Minggoean_038,1719.77,28.54,0.0166,0.1697,0,0,0,0.0603,0,0,0,123.39,0.3027,5.68,0.0006,15.5,3528.8,5074,2026-05-08 10:20:07.292947,16.97,6.03,28:39,00:28,60.24096385542168,60.2x
small,1762320200795-hari-minggoean,Hari Minggoean_039,1392.22,22.71,0.0163,0.1897,0,0,0,0.0744,0,0,0,118.36,0.3055,5.47,0.0004,8.1,3528.8,4736,2026-05-08 10:20:30.166067,18.970000000000002,7.4399999999999995,23:12,00:22,61.34969325153375,61.3x
small,1763685862325-homostoria,homostoria_01,3234.43,54.0,0.0167,0.3158,0,0,0,0.1555,0,0,0,119.31,0.2093,5.12,0.0009,8.5,3528.8,4736,2026-05-08 10:21:24.337943,31.580000000000002,15.55,53:54,00:54,59.880239520958085,59.9x
small,1763685862325-homostoria,homostoria_02,2311.73,38.73,0.0168,0.2847,0,0,0,0.1435,0,0,0,123.76,0.2333,5.19,0.0029,8.7,3528.8,4738,2026-05-08 10:22:03.635248,28.470000000000002,14.35,38:31,00:38,59.523809523809526,59.5x
small,1763685862325-homostoria,homostoria_03,2755.39,44.46,0.0161,0.2711,0,0,0,0.1363,0,0,0,116.58,0.2328,5.16,0.0047,9.6,3528.8,4736,2026-05-08 10:22:48.292750,27.11,13.63,45:55,00:44,62.11180124223603,62.1x
small,1763685862325-homostoria,homostoria_04,2231.78,36.59,0.0164,0.1947,0,0,0,0.0846,0,0,0,121.99,0.2326,5.24,0.0002,7.6,3528.8,4738,2026-05-08 10:23:25.179598,19.470000000000002,8.459999999999999,37:11,00:36,60.975609756097555,61.0x
small,1763685862325-homostoria,homostoria_05,3105.96,50.56,0.0163,0.2684,0,0,0,0.1303,0,0,0,117.49,0.2054,5.18,0.0016,8.7,3528.8,4736,2026-05-08 10:24:16.077398,26.840000000000003,13.03,51:45,00:50,61.34969325153375,61.3x
small,1763685862325-homostoria,homostoria_06,1917.55,29.72,0.0155,0.2632,0,0,0,0.1184,0,0,0,104.15,0.2783,5.32,0.0138,7.8,3528.8,4736,2026-05-08 10:24:45.902980,26.32,11.84,31:57,00:29,64.51612903225806,64.5x
small,1763685862325-homostoria,homostoria_07,2578.78,42.62,0.0165,0.355,0,0,0,0.1893,0,0,0,114.93,0.2215,5.13,0.0069,7.8,3528.8,4736,2026-05-08 10:25:29.106171,35.5,18.93,42:58,00:42,60.6060606060606,60.6x
small,1763685862325-homostoria,homostoria_08,3494.69,56.18,0.0161,0.2946,0,0,0,0.1563,0,0,0,113.85,0.2157,5.31,0.0008,9.9,3528.8,4736,2026-05-08 10:26:25.908833,29.459999999999997,15.629999999999999,58:14,00:56,62.11180124223603,62.1x
small,1763685862325-homostoria,homostoria_09A,2830.78,47.68,0.0168,0.5079,0,0,0,0.2834,0,0,0,112.75,0.2273,5.12,0.0004,9.2,3528.8,4736,2026-05-08 10:27:14.204968,50.79,28.34,47:10,00:47,59.523809523809526,59.5x
small,1763685862325-homostoria,homostoria_09B,3450.07,56.16,0.0163,0.4121,0,0,0,0.2364,0,0,0,109.37,0.2225,5.19,0.0,9.0,3528.8,4736,2026-05-08 10:28:10.997918,41.21,23.64,57:30,00:56,61.34969325153375,61.3x
small,1763685862325-homostoria,homostoria_10,3159.48,51.21,0.0162,0.4401,0,0,0,0.2276,0,0,0,108.72,0.2353,5.18,0.0035,10.7,3528.8,4736,2026-05-08 10:29:02.551637,44.01,22.759999999999998,52:39,00:51,61.7283950617284,61.7x
small,1763685862325-homostoria,homostoria_11,1602.17,25.69,0.016,0.2473,0,0,0,0.1189,0,0,0,108.43,0.306,5.35,0.0038,8.1,3528.8,4736,2026-05-08 10:29:28.776230,24.73,11.89,26:42,00:25,62.5,62.5x
small,1763685862325-homostoria,homostoria_12,1686.0,27.97,0.0166,0.3909,0,0,0,0.2067,0,0,0,108.68,0.2795,5.07,0.0,8.1,3528.8,4736,2026-05-08 10:29:57.287820,39.09,20.669999999999998,28:06,00:27,60.24096385542168,60.2x
small,1763685862325-homostoria,homostoria_13,2762.45,48.11,0.0174,0.2663,0,0,0,0.1298,0,0,0,119.65,0.2222,5.09,0.0025,12.1,3528.8,4736,2026-05-08 10:30:45.489660,26.63,12.98,46:02,00:48,57.4712643678161,57.5x
small,1763685862325-homostoria,homostoria_14,2139.72,32.52,0.0152,0.2532,0,0,0,0.1059,0,0,0,99.32,0.2732,5.29,0.0025,7.6,3528.8,4736,2026-05-08 10:31:18.555874,25.319999999999997,10.59,35:39,00:32,65.78947368421052,65.8x
small,1763685862325-homostoria,homostoria_15,1432.68,22.8,0.0159,0.209,0,0,0,0.0941,0,0,0,112.29,0.2851,5.15,0.0004,7.8,3528.8,4736,2026-05-08 10:31:41.460214,20.9,9.41,23:52,00:22,62.893081761006286,62.9x
medium,1762320200795-hari-minggoean,Hari Minggoean_001,2195.57,46.35,0.0211,0.1501,0,0,0,0.0661,0,0,0,100.08,0.2745,5.16,0.0022,10.4,4031.8,6562,2026-05-08 10:32:27.951041,15.010000000000002,6.61,36:35,00:46,47.39336492890995,47.4x
medium,1762320200795-hari-minggoean,Hari Minggoean_002,772.85,15.98,0.0207,0.1361,0,0,0,0.0527,0,0,0,118.57,0.3827,5.24,0.0007,8.4,3565.01,6688,2026-05-08 10:32:44.445885,13.61,5.27,12:52,00:15,48.309178743961354,48.3x
medium,1762320200795-hari-minggoean,Hari Minggoean_003,867.5,18.0,0.0207,0.1293,0,0,0,0.0437,0,0,0,122.69,0.3412,5.12,0.0006,7.7,3565.76,6720,2026-05-08 10:33:02.962471,12.93,4.37,14:27,00:18,48.309178743961354,48.3x
medium,1762320200795-hari-minggoean,Hari Minggoean_004,1151.59,22.19,0.0193,0.2107,0,0,0,0.0932,0,0,0,106.76,0.3662,5.48,0.0021,8.2,3565.76,6464,2026-05-08 10:33:25.250883,21.07,9.32,19:11,00:22,51.81347150259067,51.8x
medium,1762320200795-hari-minggoean,Hari Minggoean_005,1129.37,21.9,0.0194,0.2632,0,0,0,0.1364,0,0,0,112.81,0.325,5.25,0.002,9.3,3565.76,6656,2026-05-08 10:33:47.646838,26.32,13.639999999999999,18:49,00:21,51.54639175257732,51.5x
medium,1762320200795-hari-minggoean,Hari Minggoean_006,1038.24,22.07,0.0213,0.2569,0,0,0,0.1226,0,0,0,124.63,0.3541,5.18,0.0062,7.9,3565.76,6464,2026-05-08 10:34:09.941794,25.69,12.26,17:18,00:22,46.948356807511736,46.9x
medium,1762320200795-hari-minggoean,Hari Minggoean_007,1127.38,22.5,0.02,0.1051,0,0,0,0.0378,0,0,0,111.72,0.3438,5.38,0.0029,7.8,3565.76,6656,2026-05-08 10:34:32.967126,10.51,3.7800000000000002,18:47,00:22,50.0,50.0x
medium,1762320200795-hari-minggoean,Hari Minggoean_008,1435.68,28.43,0.0198,0.3103,0,0,0,0.1496,0,0,0,110.61,0.3443,5.29,0.0047,10.0,3565.76,6656,2026-05-08 10:35:01.944727,31.03,14.96,23:55,00:28,50.5050505050505,50.5x
medium,1762320200795-hari-minggoean,Hari Minggoean_009,1530.38,31.45,0.0205,0.2087,0,0,0,0.099,0,0,0,118.69,0.2948,5.25,0.0023,8.0,3565.76,6688,2026-05-08 10:35:33.925854,20.87,9.9,25:30,00:31,48.78048780487805,48.8x
medium,1762320200795-hari-minggoean,Hari Minggoean_010,1482.22,30.0,0.0202,0.1735,0,0,0,0.0856,0,0,0,108.24,0.3119,5.39,0.0069,9.6,3565.76,6720,2026-05-08 10:36:04.093652,17.349999999999998,8.559999999999999,24:42,00:30,49.504950495049506,49.5x
medium,1762320200795-hari-minggoean,Hari Minggoean_011,1683.82,33.3,0.0198,0.2393,0,0,0,0.1243,0,0,0,104.73,0.309,5.3,0.0011,8.5,3565.76,6592,2026-05-08 10:36:37.604254,23.93,12.43,28:03,00:33,50.5050505050505,50.5x
medium,1762320200795-hari-minggoean,Hari Minggoean_012,772.97,15.89,0.0206,0.2782,0,0,0,0.127,0,0,0,108.96,0.3966,5.26,0.005,9.5,3565.76,6752,2026-05-08 10:36:54.009985,27.82,12.7,12:52,00:15,48.543689320388346,48.5x
medium,1762320200795-hari-minggoean,Hari Minggoean_013,1980.58,39.46,0.0199,0.1641,0,0,0,0.0752,0,0,0,106.76,0.2928,5.42,0.0029,8.0,3565.76,6848,2026-05-08 10:37:34.025291,16.41,7.5200000000000005,33:00,00:39,50.25125628140703,50.3x
medium,1762320200795-hari-minggoean,Hari Minggoean_014,1228.1,26.07,0.0212,0.213,0,0,0,0.0914,0,0,0,113.09,0.3344,5.36,0.0075,12.9,3565.76,6528,2026-05-08 10:38:00.628851,21.3,9.139999999999999,20:28,00:26,47.16981132075472,47.2x
medium,1762320200795-hari-minggoean,Hari Minggoean_015,1056.89,20.47,0.0194,0.1668,0,0,0,0.0682,0,0,0,113.13,0.3262,5.16,0.0021,10.7,3565.76,6720,2026-05-08 10:38:21.299948,16.68,6.819999999999999,17:36,00:20,51.54639175257732,51.5x
medium,1762320200795-hari-minggoean,Hari Minggoean_016,583.42,11.45,0.0196,0.1525,0,0,0,0.0765,0,0,0,113.67,0.3812,5.17,0.0108,7.5,3565.76,6432,2026-05-08 10:38:32.978099,15.25,7.6499999999999995,09:43,00:11,51.02040816326531,51.0x
medium,1762320200795-hari-minggoean,Hari Minggoean_017,541.39,11.33,0.0209,0.1264,0,0,0,0.0546,0,0,0,119.77,0.3946,5.14,0.001,11.0,3565.76,6624,2026-05-08 10:38:44.822224,12.64,5.46,09:01,00:11,47.84688995215311,47.8x
medium,1762320200795-hari-minggoean,Hari Minggoean_018,645.17,13.44,0.0208,0.1534,0,0,0,0.0657,0,0,0,118.31,0.3345,5.21,0.0142,7.3,3565.76,6592,2026-05-08 10:38:58.757742,15.340000000000002,6.569999999999999,10:45,00:13,48.07692307692308,48.1x
medium,1762320200795-hari-minggoean,Hari Minggoean_019,1536.46,28.1,0.0183,0.2855,0,0,0,0.1455,0,0,0,91.85,0.3074,5.27,0.004,10.0,3565.76,6592,2026-05-08 10:39:27.385574,28.549999999999997,14.549999999999999,25:36,00:28,54.6448087431694,54.6x
medium,1762320200795-hari-minggoean,Hari Minggoean_020,801.26,16.56,0.0207,0.1138,0,0,0,0.0484,0,0,0,116.7,0.329,5.11,0.0039,7.7,3565.76,6528,2026-05-08 10:39:44.464330,11.379999999999999,4.84,13:21,00:16,48.309178743961354,48.3x
medium,1762320200795-hari-minggoean,Hari Minggoean_021,944.54,19.37,0.0205,0.1178,0,0,0,0.05,0,0,0,116.06,0.3096,5.14,0.0011,7.9,3565.76,6720,2026-05-08 10:40:04.119997,11.78,5.0,15:44,00:19,48.78048780487805,48.8x
medium,1762320200795-hari-minggoean,Hari Minggoean_022,1340.98,27.87,0.0208,0.1622,0,0,0,0.066,0,0,0,114.94,0.2914,5.23,0.0016,8.2,3565.76,6656,2026-05-08 10:40:32.518057,16.220000000000002,6.6000000000000005,22:20,00:27,48.07692307692308,48.1x
medium,1762320200795-hari-minggoean,Hari Minggoean_023,1056.89,21.77,0.0206,0.152,0,0,0,0.0658,0,0,0,111.07,0.3129,5.15,0.0005,10.9,3565.76,6720,2026-05-08 10:40:54.371115,15.2,6.58,17:36,00:21,48.543689320388346,48.5x
medium,1762320200795-hari-minggoean,Hari Minggoean_024,1194.5,24.68,0.0207,0.0962,0,0,0,0.0399,0,0,0,114.88,0.3364,5.36,0.0013,9.9,3565.76,6816,2026-05-08 10:41:19.332557,9.62,3.9899999999999998,19:54,00:24,48.309178743961354,48.3x
medium,1762320200795-hari-minggoean,Hari Minggoean_025,749.33,14.86,0.0198,0.1431,0,0,0,0.0481,0,0,0,117.88,0.3343,5.37,0.0007,7.7,3565.76,6720,2026-05-08 10:41:34.705116,14.31,4.81,12:29,00:14,50.5050505050505,50.5x
medium,1762320200795-hari-minggoean,Hari Minggoean_026,950.21,19.3,0.0203,0.0972,0,0,0,0.0387,0,0,0,115.33,0.3022,5.23,0.0006,8.4,3565.76,6688,2026-05-08 10:41:54.520977,9.719999999999999,3.8699999999999997,15:50,00:19,49.26108374384237,49.3x
medium,1762320200795-hari-minggoean,Hari Minggoean_027,962.21,20.25,0.021,0.1856,0,0,0,0.0805,0,0,0,127.48,0.3161,5.17,0.001,7.8,3565.76,6816,2026-05-08 10:42:15.294288,18.56,8.05,16:02,00:20,47.61904761904761,47.6x
medium,1762320200795-hari-minggoean,Hari Minggoean_028,1362.98,28.11,0.0206,0.161,0,0,0,0.07,0,0,0,116.26,0.2785,5.19,0.0011,8.7,3565.76,6912,2026-05-08 10:42:43.931621,16.1,7.000000000000001,22:42,00:28,48.543689320388346,48.5x
medium,1762320200795-hari-minggoean,Hari Minggoean_029,88.58,2.36,0.0266,0.1381,0,0,0,0.0848,0,0,0,129.29,0.5801,5.13,0.0,6.8,3565.76,4320,2026-05-08 10:42:46.801561,13.81,8.48,01:28,00:02,37.59398496240602,37.6x
medium,1762320200795-hari-minggoean,Hari Minggoean_030,883.66,17.93,0.0203,0.1311,0,0,0,0.0501,0,0,0,114.02,0.3343,5.22,0.0054,7.1,3565.76,6720,2026-05-08 10:43:04.812138,13.11,5.01,14:43,00:17,49.26108374384237,49.3x
medium,1762320200795-hari-minggoean,Hari Minggoean_031,472.8,9.9,0.0209,0.1058,0,0,0,0.03,0,0,0,109.55,0.457,5.52,0.0012,7.0,3565.76,6560,2026-05-08 10:43:14.905263,10.58,3.0,07:52,00:09,47.84688995215311,47.8x
medium,1762320200795-hari-minggoean,Hari Minggoean_032,619.99,13.16,0.0212,0.1598,0,0,0,0.0764,0,0,0,117.14,0.3726,5.17,0.0017,7.5,3565.76,6496,2026-05-08 10:43:28.562941,15.98,7.64,10:19,00:13,47.16981132075472,47.2x
medium,1762320200795-hari-minggoean,Hari Minggoean_033,899.71,18.88,0.021,0.1291,0,0,0,0.0579,0,0,0,116.54,0.3432,5.36,0.0076,8.8,3565.76,6592,2026-05-08 10:43:47.936542,12.91,5.79,14:59,00:18,47.61904761904761,47.6x
medium,1762320200795-hari-minggoean,Hari Minggoean_034,1340.98,28.07,0.0209,0.1451,0,0,0,0.0651,0,0,0,127.29,0.2797,5.08,0.0021,7.7,3565.76,6752,2026-05-08 10:44:16.198890,14.510000000000002,6.510000000000001,22:20,00:28,47.84688995215311,47.8x
medium,1762320200795-hari-minggoean,Hari Minggoean_035,780.02,16.38,0.021,0.1663,0,0,0,0.0639,0,0,0,119.0,0.3579,5.24,0.0006,7.4,3565.76,6816,2026-05-08 10:44:33.102671,16.63,6.39,13:00,00:16,47.61904761904761,47.6x
medium,1762320200795-hari-minggoean,Hari Minggoean_036,328.46,6.56,0.02,0.0995,0,0,0,0.035,0,0,0,104.34,0.4973,5.4,0.0072,7.7,3565.76,6112,2026-05-08 10:44:40.177788,9.950000000000001,3.5000000000000004,05:28,00:06,50.0,50.0x
medium,1762320200795-hari-minggoean,Hari Minggoean_037,1628.54,35.16,0.0216,0.1109,0,0,0,0.0408,0,0,0,123.94,0.2884,5.54,0.0,9.5,3565.76,6944,2026-05-08 10:45:15.879443,11.09,4.08,27:08,00:35,46.29629629629629,46.3x
medium,1762320200795-hari-minggoean,Hari Minggoean_038,1719.77,36.55,0.0213,0.1245,0,0,0,0.0516,0,0,0,123.39,0.3027,5.68,0.0006,9.8,3565.76,6658,2026-05-08 10:45:52.492966,12.45,5.16,28:39,00:36,46.948356807511736,46.9x
medium,1762320200795-hari-minggoean,Hari Minggoean_039,1392.22,29.19,0.021,0.1267,0,0,0,0.0518,0,0,0,118.36,0.3055,5.47,0.0004,8.4,3565.76,6656,2026-05-08 10:46:21.990978,12.67,5.18,23:12,00:29,47.61904761904761,47.6x
medium,1763685862325-homostoria,homostoria_01,3234.43,67.51,0.0209,0.2637,0,0,0,0.1339,0,0,0,119.31,0.2093,5.12,0.0009,9.7,3565.76,6848,2026-05-08 10:47:30.111374,26.369999999999997,13.389999999999999,53:54,01:07,47.84688995215311,47.8x
medium,1763685862325-homostoria,homostoria_02,2311.73,48.61,0.021,0.2087,0,0,0,0.1011,0,0,0,123.76,0.2333,5.19,0.0029,9.1,3565.76,6690,2026-05-08 10:48:19.285791,20.87,10.11,38:31,00:48,47.61904761904761,47.6x
medium,1763685862325-homostoria,homostoria_03,2755.39,55.92,0.0203,0.2206,0,0,0,0.1173,0,0,0,116.58,0.2328,5.16,0.0047,10.2,3565.76,6624,2026-05-08 10:49:15.775062,22.06,11.73,45:55,00:55,49.26108374384237,49.3x
medium,1763685862325-homostoria,homostoria_04,2231.78,45.59,0.0204,0.1484,0,0,0,0.0731,0,0,0,121.99,0.2326,5.24,0.0002,8.3,3565.76,6722,2026-05-08 10:50:01.927272,14.84,7.31,37:11,00:45,49.01960784313725,49.0x
medium,1763685862325-homostoria,homostoria_05,3105.96,62.4,0.0201,0.184,0,0,0,0.0892,0,0,0,117.49,0.2054,5.18,0.0016,17.1,3565.76,6656,2026-05-08 10:51:04.897032,18.4,8.92,51:45,01:02,49.75124378109453,49.8x
medium,1763685862325-homostoria,homostoria_06,1917.55,36.52,0.019,0.1946,0,0,0,0.0891,0,0,0,104.15,0.2783,5.32,0.0138,9.8,3565.76,6592,2026-05-08 10:51:41.555485,19.46,8.91,31:57,00:36,52.631578947368425,52.6x
medium,1763685862325-homostoria,homostoria_07,2578.78,53.23,0.0206,0.2596,0,0,0,0.1393,0,0,0,114.93,0.2215,5.13,0.0069,9.3,3565.76,6688,2026-05-08 10:52:35.357462,25.96,13.930000000000001,42:58,00:53,48.543689320388346,48.5x
medium,1763685862325-homostoria,homostoria_08,3494.69,71.05,0.0203,0.2469,0,0,0,0.1443,0,0,0,113.85,0.2157,5.31,0.0008,9.0,3565.76,6720,2026-05-08 10:53:46.569039,24.69,14.430000000000001,58:14,01:11,49.26108374384237,49.3x
medium,1763685862325-homostoria,homostoria_09A,2830.78,57.04,0.0202,0.336,0,0,0,0.1966,0,0,0,112.75,0.2273,5.12,0.0004,10.7,3565.76,6752,2026-05-08 10:54:43.876676,33.6,19.66,47:10,00:57,49.504950495049506,49.5x
medium,1763685862325-homostoria,homostoria_09B,3450.07,69.55,0.0202,0.2934,0,0,0,0.1751,0,0,0,109.37,0.2225,5.19,0.0,10.6,3565.76,6592,2026-05-08 10:55:53.544915,29.34,17.51,57:30,01:09,49.504950495049506,49.5x
medium,1763685862325-homostoria,homostoria_10,3159.48,64.91,0.0205,0.322,0,0,0,0.1729,0,0,0,108.72,0.2353,5.18,0.0035,9.8,3565.76,6880,2026-05-08 10:56:58.764240,32.2,17.29,52:39,01:04,48.78048780487805,48.8x
medium,1763685862325-homostoria,homostoria_11,1602.17,32.12,0.02,0.1668,0,0,0,0.0665,0,0,0,108.43,0.306,5.35,0.0038,8.2,3565.76,6656,2026-05-08 10:57:31.416070,16.68,6.65,26:42,00:32,50.0,50.0x
medium,1763685862325-homostoria,homostoria_12,1686.0,35.39,0.021,0.2729,0,0,0,0.1475,0,0,0,108.68,0.2795,5.07,0.0,9.8,3565.76,6752,2026-05-08 10:58:06.963125,27.29,14.75,28:06,00:35,47.61904761904761,47.6x
medium,1763685862325-homostoria,homostoria_13,2762.45,56.54,0.0205,0.1796,0,0,0,0.0856,0,0,0,119.65,0.2222,5.09,0.0025,13.9,3565.76,6880,2026-05-08 10:59:03.757434,17.96,8.559999999999999,46:02,00:56,48.78048780487805,48.8x
medium,1763685862325-homostoria,homostoria_14,2139.72,41.1,0.0192,0.1687,0,0,0,0.0785,0,0,0,99.32,0.2732,5.29,0.0025,10.2,3565.76,6592,2026-05-08 10:59:45.090914,16.869999999999997,7.85,35:39,00:41,52.083333333333336,52.1x
medium,1763685862325-homostoria,homostoria_15,1432.68,28.88,0.0202,0.1463,0,0,0,0.073,0,0,0,112.29,0.2851,5.15,0.0004,8.9,3565.76,6592,2026-05-08 11:00:14.078429,14.63,7.3,23:52,00:28,49.504950495049506,49.5x
large-v2,1762320200795-hari-minggoean,Hari Minggoean_001,2195.57,56.89,0.0259,0.0588,0,0,0,0.026,0,0,0,100.08,0.2745,5.16,0.0022,11.3,5292.52,10018,2026-05-08 11:01:11.498537,5.88,2.6,36:35,00:56,38.61003861003861,38.6x
large-v2,1762320200795-hari-minggoean,Hari Minggoean_002,772.85,19.58,0.0253,0.0603,0,0,0,0.024,0,0,0,118.57,0.3827,5.24,0.0007,8.5,3574.99,10144,2026-05-08 11:01:31.599696,6.03,2.4,12:52,00:19,39.52569169960474,39.5x
large-v2,1762320200795-hari-minggoean,Hari Minggoean_003,867.5,22.5,0.0259,0.067,0,0,0,0.0262,0,0,0,122.69,0.3412,5.12,0.0006,12.1,3574.99,10144,2026-05-08 11:01:54.614905,6.7,2.62,14:27,00:22,38.61003861003861,38.6x
large-v2,1762320200795-hari-minggoean,Hari Minggoean_004,1151.59,26.81,0.0233,0.1038,0,0,0,0.0488,0,0,0,106.76,0.3662,5.48,0.0021,8.5,3574.99,9792,2026-05-08 11:02:21.943439,10.38,4.88,19:11,00:26,42.918454935622314,42.9x
large-v2,1762320200795-hari-minggoean,Hari Minggoean_005,1129.37,26.52,0.0235,0.1706,0,0,0,0.0976,0,0,0,112.81,0.325,5.25,0.002,10.8,3574.99,10112,2026-05-08 11:02:48.616297,17.06,9.76,18:49,00:26,42.5531914893617,42.6x
large-v2,1762320200795-hari-minggoean,Hari Minggoean_006,1038.24,27.21,0.0262,0.1568,0,0,0,0.0778,0,0,0,124.63,0.3541,5.18,0.0062,8.7,3574.99,9952,2026-05-08 11:03:16.150996,15.68,7.779999999999999,17:18,00:27,38.167938931297705,38.2x
large-v2,1762320200795-hari-minggoean,Hari Minggoean_007,1127.38,27.27,0.0242,0.0479,0,0,0,0.0193,0,0,0,111.72,0.3438,5.38,0.0029,10.7,3574.99,10080,2026-05-08 11:03:43.719900,4.79,1.9300000000000002,18:47,00:27,41.32231404958678,41.3x
large-v2,1762320200795-hari-minggoean,Hari Minggoean_008,1435.68,34.41,0.024,0.1824,0,0,0,0.0908,0,0,0,110.61,0.3443,5.29,0.0047,8.1,3574.99,10080,2026-05-08 11:04:18.431245,18.240000000000002,9.08,23:55,00:34,41.666666666666664,41.7x
large-v2,1762320200795-hari-minggoean,Hari Minggoean_009,1530.38,38.22,0.025,0.1107,0,0,0,0.0576,0,0,0,118.69,0.2948,5.25,0.0023,9.2,3574.99,10144,2026-05-08 11:04:56.783021,11.07,5.76,25:30,00:38,40.0,40.0x
large-v2,1762320200795-hari-minggoean,Hari Minggoean_010,1482.22,35.64,0.024,0.0896,0,0,0,0.0442,0,0,0,108.24,0.3119,5.39,0.0069,10.3,3574.99,10208,2026-05-08 11:05:32.455599,8.959999999999999,4.42,24:42,00:35,41.666666666666664,41.7x
large-v2,1762320200795-hari-minggoean,Hari Minggoean_011,1683.82,40.62,0.0241,0.1636,0,0,0,0.0814,0,0,0,104.73,0.309,5.3,0.0011,10.1,3574.99,9984,2026-05-08 11:06:13.383030,16.36,8.14,28:03,00:40,41.49377593360996,41.5x
large-v2,1762320200795-hari-minggoean,Hari Minggoean_012,772.97,18.39,0.0238,0.122,0,0,0,0.0641,0,0,0,108.96,0.3966,5.26,0.005,8.1,3574.99,10208,2026-05-08 11:06:32.294754,12.2,6.41,12:52,00:18,42.016806722689076,42.0x
large-v2,1762320200795-hari-minggoean,Hari Minggoean_013,1980.58,47.13,0.0238,0.0757,0,0,0,0.0376,0,0,0,106.76,0.2928,5.42,0.0029,15.2,3574.99,10144,2026-05-08 11:07:19.614157,7.57,3.7600000000000002,33:00,00:47,42.016806722689076,42.0x
large-v2,1762320200795-hari-minggoean,Hari Minggoean_014,1228.1,31.39,0.0256,0.1484,0,0,0,0.0635,0,0,0,113.09,0.3344,5.36,0.0075,9.1,3574.99,9984,2026-05-08 11:07:51.520141,14.84,6.35,20:28,00:31,39.0625,39.1x
large-v2,1762320200795-hari-minggoean,Hari Minggoean_015,1056.89,24.35,0.023,0.0917,0,0,0,0.0421,0,0,0,113.13,0.3262,5.16,0.0021,8.5,3574.99,10304,2026-05-08 11:08:16.047842,9.17,4.21,17:36,00:24,43.47826086956522,43.5x
large-v2,1762320200795-hari-minggoean,Hari Minggoean_016,583.42,13.97,0.0239,0.0978,0,0,0,0.0546,0,0,0,113.67,0.3812,5.17,0.0108,8.7,3574.99,9632,2026-05-08 11:08:30.541677,9.78,5.46,09:43,00:13,41.84100418410041,41.8x
large-v2,1762320200795-hari-minggoean,Hari Minggoean_017,541.39,13.71,0.0253,0.0632,0,0,0,0.0336,0,0,0,119.77,0.3946,5.14,0.001,8.7,3574.99,10112,2026-05-08 11:08:44.788860,6.32,3.36,09:01,00:13,39.52569169960474,39.5x
large-v2,1762320200795-hari-minggoean,Hari Minggoean_018,645.17,15.98,0.0248,0.0771,0,0,0,0.0379,0,0,0,118.31,0.3345,5.21,0.0142,7.8,3574.99,10048,2026-05-08 11:09:01.279401,7.71,3.7900000000000005,10:45,00:15,40.32258064516129,40.3x
large-v2,1762320200795-hari-minggoean,Hari Minggoean_019,1536.46,33.84,0.022,0.1808,0,0,0,0.0986,0,0,0,91.85,0.3074,5.27,0.004,8.2,3574.99,10048,2026-05-08 11:09:35.401368,18.08,9.86,25:36,00:33,45.45454545454546,45.5x
large-v2,1762320200795-hari-minggoean,Hari Minggoean_020,801.26,20.07,0.025,0.045,0,0,0,0.0213,0,0,0,116.7,0.329,5.11,0.0039,9.0,3574.99,9952,2026-05-08 11:09:55.498237,4.5,2.13,13:21,00:20,40.0,40.0x
large-v2,1762320200795-hari-minggoean,Hari Minggoean_021,944.54,23.46,0.0248,0.0578,0,0,0,0.022,0,0,0,116.06,0.3096,5.14,0.0011,7.8,3574.99,10016,2026-05-08 11:10:19.488574,5.779999999999999,2.1999999999999997,15:44,00:23,40.32258064516129,40.3x
large-v2,1762320200795-hari-minggoean,Hari Minggoean_022,1340.98,33.17,0.0247,0.0605,0,0,0,0.0269,0,0,0,114.94,0.2914,5.23,0.0016,8.8,3574.99,10144,2026-05-08 11:10:52.770249,6.05,2.69,22:20,00:33,40.48582995951417,40.5x
large-v2,1762320200795-hari-minggoean,Hari Minggoean_023,1056.89,25.41,0.024,0.0685,0,0,0,0.0301,0,0,0,111.07,0.3129,5.15,0.0005,8.4,3574.99,10112,2026-05-08 11:11:18.366237,6.8500000000000005,3.01,17:36,00:25,41.666666666666664,41.7x
large-v2,1762320200795-hari-minggoean,Hari Minggoean_024,1194.5,29.8,0.0249,0.0464,0,0,0,0.0167,0,0,0,114.88,0.3364,5.36,0.0013,9.1,3574.99,10240,2026-05-08 11:11:48.309052,4.64,1.67,19:54,00:29,40.16064257028113,40.2x
large-v2,1762320200795-hari-minggoean,Hari Minggoean_025,749.33,17.89,0.0239,0.082,0,0,0,0.029,0,0,0,117.88,0.3343,5.37,0.0007,8.0,3574.99,10272,2026-05-08 11:12:06.715663,8.200000000000001,2.9000000000000004,12:29,00:17,41.84100418410041,41.8x
large-v2,1762320200795-hari-minggoean,Hari Minggoean_026,950.21,23.24,0.0245,0.0371,0,0,0,0.0123,0,0,0,115.33,0.3022,5.23,0.0006,8.0,3574.99,10144,2026-05-08 11:12:30.152930,3.71,1.23,15:50,00:23,40.816326530612244,40.8x
large-v2,1762320200795-hari-minggoean,Hari Minggoean_027,962.21,24.71,0.0257,0.1029,0,0,0,0.0452,0,0,0,127.48,0.3161,5.17,0.001,13.4,3574.99,10368,2026-05-08 11:12:55.090179,10.290000000000001,4.52,16:02,00:24,38.91050583657587,38.9x
large-v2,1762320200795-hari-minggoean,Hari Minggoean_028,1362.98,33.71,0.0247,0.0815,0,0,0,0.0351,0,0,0,116.26,0.2785,5.19,0.0011,9.3,3574.99,10336,2026-05-08 11:13:29.329995,8.15,3.51,22:42,00:33,40.48582995951417,40.5x
large-v2,1762320200795-hari-minggoean,Hari Minggoean_029,88.58,2.91,0.0329,0.105,0,0,0,0.0542,0,0,0,129.29,0.5801,5.13,0.0,9.1,3574.99,6304,2026-05-08 11:13:32.528965,10.5,5.42,01:28,00:02,30.395136778115504,30.4x
large-v2,1762320200795-hari-minggoean,Hari Minggoean_030,883.66,21.8,0.0247,0.0614,0,0,0,0.0252,0,0,0,114.02,0.3343,5.22,0.0054,9.6,3574.99,10208,2026-05-08 11:13:54.860866,6.140000000000001,2.52,14:43,00:21,40.48582995951417,40.5x
large-v2,1762320200795-hari-minggoean,Hari Minggoean_031,472.8,12.27,0.026,0.0372,0,0,0,0.0096,0,0,0,109.55,0.457,5.52,0.0012,7.6,3574.99,10048,2026-05-08 11:14:07.192584,3.7199999999999998,0.96,07:52,00:12,38.46153846153846,38.5x
large-v2,1762320200795-hari-minggoean,Hari Minggoean_032,619.99,15.67,0.0253,0.0706,0,0,0,0.0344,0,0,0,117.14,0.3726,5.17,0.0017,7.9,3574.99,9824,2026-05-08 11:14:23.380608,7.06,3.44,10:19,00:15,39.52569169960474,39.5x
large-v2,1762320200795-hari-minggoean,Hari Minggoean_033,899.71,22.82,0.0254,0.0558,0,0,0,0.0248,0,0,0,116.54,0.3432,5.36,0.0076,8.6,3574.99,10080,2026-05-08 11:14:46.264653,5.58,2.48,14:59,00:22,39.37007874015748,39.4x
large-v2,1762320200795-hari-minggoean,Hari Minggoean_034,1340.98,36.0,0.0268,0.0645,0,0,0,0.0315,0,0,0,127.29,0.2797,5.08,0.0021,9.0,3574.99,10240,2026-05-08 11:15:22.790199,6.45,3.15,22:20,00:36,37.3134328358209,37.3x
large-v2,1762320200795-hari-minggoean,Hari Minggoean_035,780.02,19.89,0.0255,0.0822,0,0,0,0.0348,0,0,0,119.0,0.3579,5.24,0.0006,8.4,3574.99,10432,2026-05-08 11:15:43.200486,8.219999999999999,3.4799999999999995,13:00,00:19,39.21568627450981,39.2x
large-v2,1762320200795-hari-minggoean,Hari Minggoean_036,328.46,7.94,0.0242,0.0217,0,0,0,0.0088,0,0,0,104.34,0.4973,5.4,0.0072,9.2,3574.99,9312,2026-05-08 11:15:51.226587,2.17,0.88,05:28,00:07,41.32231404958678,41.3x
large-v2,1762320200795-hari-minggoean,Hari Minggoean_037,1628.54,42.71,0.0262,0.0523,0,0,0,0.0211,0,0,0,123.94,0.2884,5.54,0.0,8.4,3574.99,10560,2026-05-08 11:16:34.270666,5.2299999999999995,2.11,27:08,00:42,38.167938931297705,38.2x
large-v2,1762320200795-hari-minggoean,Hari Minggoean_038,1719.77,45.3,0.0263,0.0487,0,0,0,0.0183,0,0,0,123.39,0.3027,5.68,0.0006,8.9,3574.99,10178,2026-05-08 11:17:20.124303,4.87,1.83,28:39,00:45,38.02281368821293,38.0x
large-v2,1762320200795-hari-minggoean,Hari Minggoean_039,1392.22,35.41,0.0254,0.0524,0,0,0,0.0206,0,0,0,118.36,0.3055,5.47,0.0004,8.2,3574.99,10272,2026-05-08 11:17:55.654763,5.24,2.06,23:12,00:35,39.37007874015748,39.4x
large-v2,1763685862325-homostoria,homostoria_01,3234.43,81.31,0.0251,0.1681,0,0,0,0.0943,0,0,0,119.31,0.2093,5.12,0.0009,8.6,3574.99,10144,2026-05-08 11:19:17.303661,16.81,9.43,53:54,01:21,39.8406374501992,39.8x
large-v2,1763685862325-homostoria,homostoria_02,2311.73,59.15,0.0256,0.1684,0,0,0,0.094,0,0,0,123.76,0.2333,5.19,0.0029,9.2,3574.99,10146,2026-05-08 11:20:16.756673,16.84,9.4,38:31,00:59,39.0625,39.1x
large-v2,1763685862325-homostoria,homostoria_03,2755.39,67.58,0.0245,0.1797,0,0,0,0.1101,0,0,0,116.58,0.2328,5.16,0.0047,12.9,3574.99,10048,2026-05-08 11:21:24.680905,17.97,11.01,45:55,01:07,40.816326530612244,40.8x
large-v2,1763685862325-homostoria,homostoria_04,2231.78,55.02,0.0247,0.116,0,0,0,0.0666,0,0,0,121.99,0.2326,5.24,0.0002,11.8,3574.99,10114,2026-05-08 11:22:20.247951,11.600000000000001,6.660000000000001,37:11,00:55,40.48582995951417,40.5x
large-v2,1763685862325-homostoria,homostoria_05,3105.96,76.89,0.0248,0.1924,0,0,0,0.107,0,0,0,117.49,0.2054,5.18,0.0016,10.4,3574.99,10112,2026-05-08 11:23:37.279820,19.24,10.7,51:45,01:16,40.32258064516129,40.3x
large-v2,1763685862325-homostoria,homostoria_06,1917.55,43.98,0.0229,0.1152,0,0,0,0.06,0,0,0,104.15,0.2783,5.32,0.0138,11.6,3574.99,9920,2026-05-08 11:24:21.804998,11.52,6.0,31:57,00:43,43.66812227074236,43.7x
large-v2,1763685862325-homostoria,homostoria_07,2578.78,64.66,0.0251,0.1942,0,0,0,0.1183,0,0,0,114.93,0.2215,5.13,0.0069,8.8,3574.99,10240,2026-05-08 11:25:26.583337,19.42,11.83,42:58,01:04,39.8406374501992,39.8x
large-v2,1763685862325-homostoria,homostoria_08,3494.69,84.21,0.0241,0.1362,0,0,0,0.0882,0,0,0,113.85,0.2157,5.31,0.0008,9.5,3574.99,10048,2026-05-08 11:26:51.427159,13.62,8.82,58:14,01:24,41.49377593360996,41.5x
large-v2,1763685862325-homostoria,homostoria_09A,2830.78,72.0,0.0254,0.2388,0,0,0,0.1636,0,0,0,112.75,0.2273,5.12,0.0004,9.6,3574.99,10176,2026-05-08 11:28:04.024570,23.880000000000003,16.36,47:10,01:12,39.37007874015748,39.4x
large-v2,1763685862325-homostoria,homostoria_09B,3450.07,83.89,0.0243,0.211,0,0,0,0.1276,0,0,0,109.37,0.2225,5.19,0.0,11.5,3574.99,10080,2026-05-08 11:29:28.511257,21.099999999999998,12.76,57:30,01:23,41.1522633744856,41.2x
large-v2,1763685862325-homostoria,homostoria_10,3159.48,76.53,0.0242,0.1822,0,0,0,0.1036,0,0,0,108.72,0.2353,5.18,0.0035,12.7,3480.57,10176,2026-05-08 11:30:45.317064,18.22,10.36,52:39,01:16,41.32231404958678,41.3x
large-v2,1763685862325-homostoria,homostoria_11,1602.17,38.97,0.0243,0.0902,0,0,0,0.0372,0,0,0,108.43,0.306,5.35,0.0038,8.7,3480.57,10112,2026-05-08 11:31:24.817747,9.02,3.7199999999999998,26:42,00:38,41.1522633744856,41.2x
large-v2,1763685862325-homostoria,homostoria_12,1686.0,41.98,0.0249,0.1904,0,0,0,0.1001,0,0,0,108.68,0.2795,5.07,0.0,9.5,3480.57,10176,2026-05-08 11:32:07.332320,19.040000000000003,10.01,28:06,00:41,40.16064257028113,40.2x
large-v2,1763685862325-homostoria,homostoria_13,2762.45,67.34,0.0244,0.1153,0,0,0,0.0616,0,0,0,119.65,0.2222,5.09,0.0025,11.5,3480.57,10432,2026-05-08 11:33:14.740439,11.53,6.16,46:02,01:07,40.983606557377044,41.0x
large-v2,1763685862325-homostoria,homostoria_14,2139.72,49.05,0.0229,0.0995,0,0,0,0.0543,0,0,0,99.32,0.2732,5.29,0.0025,8.4,3480.57,10048,2026-05-08 11:34:04.324560,9.950000000000001,5.43,35:39,00:49,43.66812227074236,43.7x
large-v2,1763685862325-homostoria,homostoria_15,1432.68,34.74,0.0243,0.084,0,0,0,0.0435,0,0,0,112.29,0.2851,5.15,0.0004,9.0,3480.57,9920,2026-05-08 11:34:39.596115,8.4,4.35,23:52,00:34,41.1522633744856,41.2x
large-v3,1762320200795-hari-minggoean,Hari Minggoean_001,2195.57,56.92,0.0259,0.1167,0,0,0,0.0515,0,0,0,100.08,0.2745,5.16,0.0022,12.0,5585.06,10018,2026-05-08 11:35:37.051212,11.67,5.1499999999999995,36:35,00:56,38.61003861003861,38.6x
large-v3,1762320200795-hari-minggoean,Hari Minggoean_002,772.85,19.42,0.0251,0.0945,0,0,0,0.0357,0,0,0,118.57,0.3827,5.24,0.0007,10.4,3576.71,10208,2026-05-08 11:35:56.986492,9.45,3.5700000000000003,12:52,00:19,39.8406374501992,39.8x
large-v3,1762320200795-hari-minggoean,Hari Minggoean_003,867.5,22.18,0.0256,0.1039,0,0,0,0.0387,0,0,0,122.69,0.3412,5.12,0.0006,8.0,3576.71,10176,2026-05-08 11:36:19.328155,10.39,3.8699999999999997,14:27,00:22,39.0625,39.1x
large-v3,1762320200795-hari-minggoean,Hari Minggoean_004,1151.59,26.94,0.0234,0.1369,0,0,0,0.0568,0,0,0,106.76,0.3662,5.48,0.0021,8.6,3576.71,9792,2026-05-08 11:36:46.558699,13.69,5.680000000000001,19:11,00:26,42.73504273504273,42.7x
large-v3,1762320200795-hari-minggoean,Hari Minggoean_005,1129.37,27.13,0.024,0.1975,0,0,0,0.104,0,0,0,112.81,0.325,5.25,0.002,8.2,3576.71,10144,2026-05-08 11:37:14.224669,19.75,10.4,18:49,00:27,41.666666666666664,41.7x
large-v3,1762320200795-hari-minggoean,Hari Minggoean_006,1038.24,26.76,0.0258,0.1873,0,0,0,0.0858,0,0,0,124.63,0.3541,5.18,0.0062,7.7,3576.71,9888,2026-05-08 11:37:41.528055,18.73,8.58,17:18,00:26,38.75968992248062,38.8x
large-v3,1762320200795-hari-minggoean,Hari Minggoean_007,1127.38,27.19,0.0241,0.0688,0,0,0,0.0247,0,0,0,111.72,0.3438,5.38,0.0029,8.2,3576.71,10112,2026-05-08 11:38:08.959166,6.88,2.4699999999999998,18:47,00:27,41.49377593360996,41.5x
large-v3,1762320200795-hari-minggoean,Hari Minggoean_008,1435.68,34.92,0.0243,0.2144,0,0,0,0.1071,0,0,0,110.61,0.3443,5.29,0.0047,8.9,3576.71,9984,2026-05-08 11:38:44.024104,21.44,10.71,23:55,00:34,41.1522633744856,41.2x
large-v3,1762320200795-hari-minggoean,Hari Minggoean_009,1530.38,38.52,0.0252,0.1524,0,0,0,0.0747,0,0,0,118.69,0.2948,5.25,0.0023,9.7,3576.71,10144,2026-05-08 11:39:22.778732,15.24,7.470000000000001,25:30,00:38,39.682539682539684,39.7x
large-v3,1762320200795-hari-minggoean,Hari Minggoean_010,1482.22,35.45,0.0239,0.1205,0,0,0,0.0585,0,0,0,108.24,0.3119,5.39,0.0069,9.1,3576.71,10208,2026-05-08 11:39:58.330061,12.049999999999999,5.8500000000000005,24:42,00:35,41.84100418410041,41.8x
large-v3,1762320200795-hari-minggoean,Hari Minggoean_011,1683.82,40.08,0.0238,0.164,0,0,0,0.0787,0,0,0,104.73,0.309,5.3,0.0011,8.3,3576.71,10016,2026-05-08 11:40:38.931289,16.400000000000002,7.870000000000001,28:03,00:40,42.016806722689076,42.0x
large-v3,1762320200795-hari-minggoean,Hari Minggoean_012,772.97,18.46,0.0239,0.1612,0,0,0,0.0822,0,0,0,108.96,0.3966,5.26,0.005,8.9,3576.71,10176,2026-05-08 11:40:57.454139,16.12,8.219999999999999,12:52,00:18,41.84100418410041,41.8x
large-v3,1762320200795-hari-minggoean,Hari Minggoean_013,1980.58,46.9,0.0237,0.1257,0,0,0,0.0604,0,0,0,106.76,0.2928,5.42,0.0029,8.6,3576.71,10272,2026-05-08 11:41:44.507319,12.57,6.04,33:00,00:46,42.19409282700422,42.2x
large-v3,1762320200795-hari-minggoean,Hari Minggoean_014,1228.1,30.39,0.0247,0.0775,0,0,0,0.0322,0,0,0,113.09,0.3344,5.36,0.0075,8.0,3576.71,9952,2026-05-08 11:42:15.420965,7.75,3.2199999999999998,20:28,00:30,40.48582995951417,40.5x
large-v3,1762320200795-hari-minggoean,Hari Minggoean_015,1056.89,24.37,0.0231,0.1093,0,0,0,0.048,0,0,0,113.13,0.3262,5.16,0.0021,7.7,3576.71,10208,2026-05-08 11:42:39.824798,10.93,4.8,17:36,00:24,43.29004329004329,43.3x
large-v3,1762320200795-hari-minggoean,Hari Minggoean_016,583.42,13.85,0.0237,0.1105,0,0,0,0.0565,0,0,0,113.67,0.3812,5.17,0.0108,9.8,3576.71,9664,2026-05-08 11:42:53.683618,11.05,5.65,09:43,00:13,42.19409282700422,42.2x
large-v3,1762320200795-hari-minggoean,Hari Minggoean_017,541.39,13.78,0.0254,0.1034,0,0,0,0.0482,0,0,0,119.77,0.3946,5.14,0.001,8.1,3576.71,10048,2026-05-08 11:43:07.488377,10.34,4.82,09:01,00:13,39.37007874015748,39.4x
large-v3,1762320200795-hari-minggoean,Hari Minggoean_018,645.17,16.22,0.0251,0.1157,0,0,0,0.0516,0,0,0,118.31,0.3345,5.21,0.0142,8.9,3576.71,10048,2026-05-08 11:43:24.013716,11.57,5.16,10:45,00:16,39.8406374501992,39.8x
large-v3,1762320200795-hari-minggoean,Hari Minggoean_019,1536.46,33.98,0.0221,0.2246,0,0,0,0.1181,0,0,0,91.85,0.3074,5.27,0.004,10.4,3576.71,9984,2026-05-08 11:43:58.523842,22.46,11.81,25:36,00:33,45.24886877828054,45.2x
large-v3,1762320200795-hari-minggoean,Hari Minggoean_020,801.26,20.1,0.0251,0.0784,0,0,0,0.0326,0,0,0,116.7,0.329,5.11,0.0039,7.4,3576.71,10048,2026-05-08 11:44:18.653677,7.84,3.26,13:21,00:20,39.8406374501992,39.8x
large-v3,1762320200795-hari-minggoean,Hari Minggoean_021,944.54,23.34,0.0247,0.0984,0,0,0,0.0421,0,0,0,116.06,0.3096,5.14,0.0011,9.0,3576.71,10048,2026-05-08 11:44:42.109603,9.84,4.21,15:44,00:23,40.48582995951417,40.5x
large-v3,1762320200795-hari-minggoean,Hari Minggoean_022,1340.98,35.48,0.0265,0.1029,0,0,0,0.0452,0,0,0,114.94,0.2914,5.23,0.0016,10.2,3576.71,10208,2026-05-08 11:45:18.124604,10.290000000000001,4.52,22:20,00:35,37.735849056603776,37.7x
large-v3,1762320200795-hari-minggoean,Hari Minggoean_023,1056.89,25.53,0.0242,0.1022,0,0,0,0.0445,0,0,0,111.07,0.3129,5.15,0.0005,7.7,3576.71,10176,2026-05-08 11:45:43.757244,10.22,4.45,17:36,00:25,41.32231404958678,41.3x
large-v3,1762320200795-hari-minggoean,Hari Minggoean_024,1194.5,29.89,0.025,0.0773,0,0,0,0.0295,0,0,0,114.88,0.3364,5.36,0.0013,8.1,3576.71,10304,2026-05-08 11:46:14.172576,7.7299999999999995,2.9499999999999997,19:54,00:29,40.0,40.0x
large-v3,1762320200795-hari-minggoean,Hari Minggoean_025,749.33,17.84,0.0238,0.1028,0,0,0,0.039,0,0,0,117.88,0.3343,5.37,0.0007,7.9,3576.71,10208,2026-05-08 11:46:32.531580,10.280000000000001,3.9,12:29,00:17,42.016806722689076,42.0x
large-v3,1762320200795-hari-minggoean,Hari Minggoean_026,950.21,23.46,0.0247,0.073,0,0,0,0.0308,0,0,0,115.33,0.3022,5.23,0.0006,10.6,3576.71,10112,2026-05-08 11:46:56.512098,7.3,3.08,15:50,00:23,40.48582995951417,40.5x
large-v3,1762320200795-hari-minggoean,Hari Minggoean_027,962.21,24.73,0.0257,0.1345,0,0,0,0.0614,0,0,0,127.48,0.3161,5.17,0.001,8.0,3576.71,10240,2026-05-08 11:47:21.541314,13.450000000000001,6.140000000000001,16:02,00:24,38.91050583657587,38.9x
large-v3,1762320200795-hari-minggoean,Hari Minggoean_028,1362.98,34.44,0.0253,0.1224,0,0,0,0.0557,0,0,0,116.26,0.2785,5.19,0.0011,9.9,3576.71,10496,2026-05-08 11:47:56.065346,12.24,5.57,22:42,00:34,39.52569169960474,39.5x
large-v3,1762320200795-hari-minggoean,Hari Minggoean_029,88.58,2.9,0.0327,0.1326,0,0,0,0.0605,0,0,0,129.29,0.5801,5.13,0.0,7.1,3576.71,6272,2026-05-08 11:47:59.470250,13.26,6.05,01:28,00:02,30.581039755351682,30.6x
large-v3,1762320200795-hari-minggoean,Hari Minggoean_030,883.66,21.78,0.0246,0.1114,0,0,0,0.0549,0,0,0,114.02,0.3343,5.22,0.0054,9.5,3576.71,10208,2026-05-08 11:48:21.776945,11.14,5.489999999999999,14:43,00:21,40.65040650406504,40.7x
large-v3,1762320200795-hari-minggoean,Hari Minggoean_031,472.8,12.19,0.0258,0.0884,0,0,0,0.0293,0,0,0,109.55,0.457,5.52,0.0012,9.3,3576.71,10048,2026-05-08 11:48:34.098530,8.84,2.93,07:52,00:12,38.75968992248062,38.8x
large-v3,1762320200795-hari-minggoean,Hari Minggoean_032,619.99,15.67,0.0253,0.1194,0,0,0,0.0614,0,0,0,117.14,0.3726,5.17,0.0017,13.3,3576.71,9920,2026-05-08 11:48:50.092276,11.940000000000001,6.140000000000001,10:19,00:15,39.52569169960474,39.5x
large-v3,1762320200795-hari-minggoean,Hari Minggoean_033,899.71,22.83,0.0254,0.0966,0,0,0,0.0428,0,0,0,116.54,0.3432,5.36,0.0076,8.1,3576.71,10112,2026-05-08 11:49:13.442935,9.66,4.279999999999999,14:59,00:22,39.37007874015748,39.4x
large-v3,1762320200795-hari-minggoean,Hari Minggoean_034,1340.98,34.19,0.0255,0.1003,0,0,0,0.0491,0,0,0,127.29,0.2797,5.08,0.0021,8.5,3576.71,10272,2026-05-08 11:49:48.149291,10.03,4.91,22:20,00:34,39.21568627450981,39.2x
large-v3,1762320200795-hari-minggoean,Hari Minggoean_035,780.02,19.62,0.0252,0.1197,0,0,0,0.0505,0,0,0,119.0,0.3579,5.24,0.0006,9.8,3576.71,10400,2026-05-08 11:50:07.880928,11.97,5.050000000000001,13:00,00:19,39.682539682539684,39.7x
large-v3,1762320200795-hari-minggoean,Hari Minggoean_036,328.46,7.99,0.0243,0.0398,0,0,0,0.0175,0,0,0,104.34,0.4973,5.4,0.0072,7.5,3576.71,9280,2026-05-08 11:50:15.894145,3.9800000000000004,1.7500000000000002,05:28,00:07,41.1522633744856,41.2x
large-v3,1762320200795-hari-minggoean,Hari Minggoean_037,1628.54,42.76,0.0263,0.0657,0,0,0,0.0275,0,0,0,123.94,0.2884,5.54,0.0,16.0,3576.71,10560,2026-05-08 11:50:58.890975,6.569999999999999,2.75,27:08,00:42,38.02281368821293,38.0x
large-v3,1762320200795-hari-minggoean,Hari Minggoean_038,1719.77,45.03,0.0262,0.0605,0,0,0,0.0247,0,0,0,123.39,0.3027,5.68,0.0006,9.5,3576.71,10178,2026-05-08 11:51:44.174884,6.05,2.4699999999999998,28:39,00:45,38.167938931297705,38.2x
large-v3,1762320200795-hari-minggoean,Hari Minggoean_039,1392.22,35.58,0.0256,0.0845,0,0,0,0.0315,0,0,0,118.36,0.3055,5.47,0.0004,8.1,3576.71,10304,2026-05-08 11:52:20.284830,8.450000000000001,3.15,23:12,00:35,39.0625,39.1x
large-v3,1763685862325-homostoria,homostoria_01,3234.43,82.23,0.0254,0.1888,0,0,0,0.098,0,0,0,119.31,0.2093,5.12,0.0009,9.2,3576.71,10208,2026-05-08 11:53:43.112263,18.88,9.8,53:54,01:22,39.37007874015748,39.4x
large-v3,1763685862325-homostoria,homostoria_02,2311.73,60.54,0.0262,0.1766,0,0,0,0.091,0,0,0,123.76,0.2333,5.19,0.0029,14.0,3576.71,10210,2026-05-08 11:54:44.233409,17.66,9.1,38:31,01:00,38.167938931297705,38.2x
large-v3,1763685862325-homostoria,homostoria_03,2755.39,67.78,0.0246,0.1493,0,0,0,0.0806,0,0,0,116.58,0.2328,5.16,0.0047,10.1,3576.71,10112,2026-05-08 11:55:52.300706,14.93,8.06,45:55,01:07,40.65040650406504,40.7x
large-v3,1763685862325-homostoria,homostoria_04,2231.78,55.8,0.025,0.1168,0,0,0,0.0647,0,0,0,121.99,0.2326,5.24,0.0002,10.7,3576.71,10114,2026-05-08 11:56:48.650936,11.68,6.47,37:11,00:55,40.0,40.0x
large-v3,1763685862325-homostoria,homostoria_05,3105.96,75.53,0.0243,0.1452,0,0,0,0.073,0,0,0,117.49,0.2054,5.18,0.0016,10.1,3576.71,10176,2026-05-08 11:58:04.328620,14.52,7.3,51:45,01:15,41.1522633744856,41.2x
large-v3,1763685862325-homostoria,homostoria_06,1917.55,45.48,0.0237,0.1345,0,0,0,0.0598,0,0,0,104.15,0.2783,5.32,0.0138,9.5,3576.71,10048,2026-05-08 11:58:50.346820,13.450000000000001,5.9799999999999995,31:57,00:45,42.19409282700422,42.2x
large-v3,1763685862325-homostoria,homostoria_07,2578.78,63.06,0.0245,0.175,0,0,0,0.099,0,0,0,114.93,0.2215,5.13,0.0069,10.7,3576.71,10144,2026-05-08 11:59:53.556159,17.5,9.9,42:58,01:03,40.816326530612244,40.8x
large-v3,1763685862325-homostoria,homostoria_08,3494.69,93.08,0.0266,0.184,0,0,0,0.1095,0,0,0,113.85,0.2157,5.31,0.0008,10.8,3576.71,10048,2026-05-08 12:01:26.797528,18.4,10.95,58:14,01:33,37.59398496240602,37.6x
large-v3,1763685862325-homostoria,homostoria_09A,2830.78,70.49,0.0249,0.2755,0,0,0,0.17,0,0,0,112.75,0.2273,5.12,0.0004,11.7,3576.71,10272,2026-05-08 12:02:37.866985,27.55,17.0,47:10,01:10,40.16064257028113,40.2x
large-v3,1763685862325-homostoria,homostoria_09B,3450.07,83.92,0.0243,0.2407,0,0,0,0.1433,0,0,0,109.37,0.2225,5.19,0.0,15.1,3576.71,10048,2026-05-08 12:04:02.377768,24.07,14.330000000000002,57:30,01:23,41.1522633744856,41.2x
large-v3,1763685862325-homostoria,homostoria_10,3159.48,75.46,0.0239,0.2428,0,0,0,0.1406,0,0,0,108.72,0.2353,5.18,0.0035,11.6,3576.71,10208,2026-05-08 12:05:18.431191,24.279999999999998,14.06,52:39,01:15,41.84100418410041,41.8x
large-v3,1763685862325-homostoria,homostoria_11,1602.17,38.88,0.0243,0.1133,0,0,0,0.0463,0,0,0,108.43,0.306,5.35,0.0038,8.4,3576.71,10080,2026-05-08 12:05:57.835559,11.33,4.63,26:42,00:38,41.1522633744856,41.2x
large-v3,1763685862325-homostoria,homostoria_12,1686.0,41.23,0.0245,0.193,0,0,0,0.1044,0,0,0,108.68,0.2795,5.07,0.0,8.6,3576.71,10080,2026-05-08 12:06:39.236626,19.3,10.440000000000001,28:06,00:41,40.816326530612244,40.8x
large-v3,1763685862325-homostoria,homostoria_13,2762.45,67.27,0.0244,0.1382,0,0,0,0.0721,0,0,0,119.65,0.2222,5.09,0.0025,9.1,3576.71,10432,2026-05-08 12:07:46.752589,13.819999999999999,7.21,46:02,01:07,40.983606557377044,41.0x
large-v3,1763685862325-homostoria,homostoria_14,2139.72,49.88,0.0233,0.1192,0,0,0,0.0587,0,0,0,99.32,0.2732,5.29,0.0025,8.6,3576.71,10080,2026-05-08 12:08:37.170032,11.92,5.87,35:39,00:49,42.918454935622314,42.9x
large-v3,1763685862325-homostoria,homostoria_15,1432.68,35.26,0.0246,0.1116,0,0,0,0.0513,0,0,0,112.29,0.2851,5.15,0.0004,9.3,3576.71,9952,2026-05-08 12:09:12.954714,11.16,5.13,23:52,00:35,40.65040650406504,40.7x
turbo,1762320200795-hari-minggoean,Hari Minggoean_001,2195.57,45.25,0.0206,0.1208,0,0,0,0.0551,0,0,0,100.08,0.2745,5.16,0.0022,11.1,3841.55,7266,2026-05-08 12:09:58.737176,12.08,5.510000000000001,36:35,00:45,48.543689320388346,48.5x
turbo,1762320200795-hari-minggoean,Hari Minggoean_002,772.85,15.11,0.0195,0.1086,0,0,0,0.0409,0,0,0,118.57,0.3827,5.24,0.0007,8.4,3674.03,7264,2026-05-08 12:10:14.362245,10.86,4.09,12:52,00:15,51.282051282051285,51.3x
turbo,1762320200795-hari-minggoean,Hari Minggoean_003,867.5,16.79,0.0194,0.1132,0,0,0,0.0395,0,0,0,122.69,0.3412,5.12,0.0006,7.1,3674.03,7264,2026-05-08 12:10:31.420588,11.32,3.95,14:27,00:16,51.54639175257732,51.5x
turbo,1762320200795-hari-minggoean,Hari Minggoean_004,1151.59,20.82,0.0181,0.1534,0,0,0,0.0638,0,0,0,106.76,0.3662,5.48,0.0021,8.0,3674.03,7264,2026-05-08 12:10:52.760058,15.340000000000002,6.38,19:11,00:20,55.24861878453038,55.2x
turbo,1762320200795-hari-minggoean,Hari Minggoean_005,1129.37,20.73,0.0184,0.2039,0,0,0,0.1039,0,0,0,112.81,0.325,5.25,0.002,7.6,3674.03,7264,2026-05-08 12:11:13.531775,20.39,10.39,18:49,00:20,54.34782608695652,54.3x
turbo,1762320200795-hari-minggoean,Hari Minggoean_006,1038.24,20.38,0.0196,0.1849,0,0,0,0.0877,0,0,0,124.63,0.3541,5.18,0.0062,7.9,3674.03,7264,2026-05-08 12:11:34.411470,18.490000000000002,8.77,17:18,00:20,51.02040816326531,51.0x
turbo,1762320200795-hari-minggoean,Hari Minggoean_007,1127.38,20.88,0.0185,0.0872,0,0,0,0.0315,0,0,0,111.72,0.3438,5.38,0.0029,8.6,3674.03,7264,2026-05-08 12:11:55.815540,8.72,3.15,18:47,00:20,54.054054054054056,54.1x
turbo,1762320200795-hari-minggoean,Hari Minggoean_008,1435.68,26.74,0.0186,0.2546,0,0,0,0.1307,0,0,0,110.61,0.3443,5.29,0.0047,7.7,3674.03,7264,2026-05-08 12:12:22.836641,25.46,13.07,23:55,00:26,53.763440860215056,53.8x
turbo,1762320200795-hari-minggoean,Hari Minggoean_009,1530.38,29.11,0.019,0.1647,0,0,0,0.0768,0,0,0,118.69,0.2948,5.25,0.0023,8.1,3674.03,7264,2026-05-08 12:12:52.478393,16.470000000000002,7.68,25:30,00:29,52.631578947368425,52.6x
turbo,1762320200795-hari-minggoean,Hari Minggoean_010,1482.22,27.4,0.0185,0.1418,0,0,0,0.0735,0,0,0,108.24,0.3119,5.39,0.0069,7.8,3674.03,7264,2026-05-08 12:13:20.172418,14.180000000000001,7.35,24:42,00:27,54.054054054054056,54.1x
turbo,1762320200795-hari-minggoean,Hari Minggoean_011,1683.82,30.76,0.0183,0.178,0,0,0,0.0844,0,0,0,104.73,0.309,5.3,0.0011,9.8,3674.03,7264,2026-05-08 12:13:51.471121,17.8,8.44,28:03,00:30,54.6448087431694,54.6x
turbo,1762320200795-hari-minggoean,Hari Minggoean_012,772.97,14.37,0.0186,0.1819,0,0,0,0.0887,0,0,0,108.96,0.3966,5.26,0.005,9.3,3674.03,7264,2026-05-08 12:14:06.356561,18.19,8.870000000000001,12:52,00:14,53.763440860215056,53.8x
turbo,1762320200795-hari-minggoean,Hari Minggoean_013,1980.58,35.96,0.0182,0.135,0,0,0,0.0639,0,0,0,106.76,0.2928,5.42,0.0029,9.2,3674.03,7264,2026-05-08 12:14:42.459719,13.5,6.39,33:00,00:35,54.94505494505494,54.9x
turbo,1762320200795-hari-minggoean,Hari Minggoean_014,1228.1,23.11,0.0188,0.1864,0,0,0,0.094,0,0,0,113.09,0.3344,5.36,0.0075,8.4,3674.03,7264,2026-05-08 12:15:06.099227,18.64,9.4,20:28,00:23,53.191489361702125,53.2x
turbo,1762320200795-hari-minggoean,Hari Minggoean_015,1056.89,18.89,0.0179,0.1237,0,0,0,0.0536,0,0,0,113.13,0.3262,5.16,0.0021,11.1,3674.03,7264,2026-05-08 12:15:25.188424,12.370000000000001,5.36,17:36,00:18,55.865921787709496,55.9x
turbo,1762320200795-hari-minggoean,Hari Minggoean_016,583.42,10.74,0.0184,0.1075,0,0,0,0.055,0,0,0,113.67,0.3812,5.17,0.0108,8.8,3674.03,7264,2026-05-08 12:15:36.439958,10.75,5.5,09:43,00:10,54.34782608695652,54.3x
turbo,1762320200795-hari-minggoean,Hari Minggoean_017,541.39,10.41,0.0192,0.1073,0,0,0,0.0512,0,0,0,119.77,0.3946,5.14,0.001,7.7,3674.03,7264,2026-05-08 12:15:47.109411,10.73,5.12,09:01,00:10,52.083333333333336,52.1x
turbo,1762320200795-hari-minggoean,Hari Minggoean_018,645.17,12.58,0.0195,0.109,0,0,0,0.0474,0,0,0,118.31,0.3345,5.21,0.0142,7.6,3674.03,7264,2026-05-08 12:15:59.904631,10.9,4.74,10:45,00:12,51.282051282051285,51.3x
turbo,1762320200795-hari-minggoean,Hari Minggoean_019,1536.46,27.21,0.0177,0.2711,0,0,0,0.172,0,0,0,91.85,0.3074,5.27,0.004,9.4,3674.03,7264,2026-05-08 12:16:27.430367,27.11,17.2,25:36,00:27,56.497175141242934,56.5x
turbo,1762320200795-hari-minggoean,Hari Minggoean_020,801.26,15.47,0.0193,0.0996,0,0,0,0.0415,0,0,0,116.7,0.329,5.11,0.0039,10.3,3674.03,7264,2026-05-08 12:16:43.431903,9.959999999999999,4.15,13:21,00:15,51.81347150259067,51.8x
turbo,1762320200795-hari-minggoean,Hari Minggoean_021,944.54,17.71,0.0187,0.1001,0,0,0,0.0413,0,0,0,116.06,0.3096,5.14,0.0011,9.2,3674.03,7264,2026-05-08 12:17:01.419599,10.01,4.130000000000001,15:44,00:17,53.475935828877,53.5x
turbo,1762320200795-hari-minggoean,Hari Minggoean_022,1340.98,25.16,0.0188,0.1072,0,0,0,0.0469,0,0,0,114.94,0.2914,5.23,0.0016,10.1,3674.03,7264,2026-05-08 12:17:26.773771,10.72,4.6899999999999995,22:20,00:25,53.191489361702125,53.2x
turbo,1762320200795-hari-minggoean,Hari Minggoean_023,1056.89,19.75,0.0187,0.1079,0,0,0,0.0443,0,0,0,111.07,0.3129,5.15,0.0005,8.1,3674.03,7264,2026-05-08 12:17:47.037430,10.79,4.43,17:36,00:19,53.475935828877,53.5x
turbo,1762320200795-hari-minggoean,Hari Minggoean_024,1194.5,22.72,0.019,0.0905,0,0,0,0.0337,0,0,0,114.88,0.3364,5.36,0.0013,8.3,3674.03,7264,2026-05-08 12:18:09.888668,9.049999999999999,3.37,19:54,00:22,52.631578947368425,52.6x
turbo,1762320200795-hari-minggoean,Hari Minggoean_025,749.33,13.69,0.0183,0.1179,0,0,0,0.0432,0,0,0,117.88,0.3343,5.37,0.0007,8.4,3674.03,7264,2026-05-08 12:18:23.629358,11.790000000000001,4.32,12:29,00:13,54.6448087431694,54.6x
turbo,1762320200795-hari-minggoean,Hari Minggoean_026,950.21,17.7,0.0186,0.0775,0,0,0,0.0305,0,0,0,115.33,0.3022,5.23,0.0006,9.2,3674.03,7264,2026-05-08 12:18:41.850703,7.75,3.05,15:50,00:17,53.763440860215056,53.8x
turbo,1762320200795-hari-minggoean,Hari Minggoean_027,962.21,18.49,0.0192,0.154,0,0,0,0.0702,0,0,0,127.48,0.3161,5.17,0.001,8.1,3674.03,7264,2026-05-08 12:19:00.561647,15.4,7.02,16:02,00:18,52.083333333333336,52.1x
turbo,1762320200795-hari-minggoean,Hari Minggoean_028,1362.98,26.05,0.0191,0.1269,0,0,0,0.0597,0,0,0,116.26,0.2785,5.19,0.0011,8.5,3674.03,7264,2026-05-08 12:19:27.143643,12.690000000000001,5.970000000000001,22:42,00:26,52.35602094240838,52.4x
turbo,1762320200795-hari-minggoean,Hari Minggoean_029,88.58,2.13,0.024,0.1271,0,0,0,0.0686,0,0,0,129.29,0.5801,5.13,0.0,7.6,3674.03,4640,2026-05-08 12:19:29.825106,12.709999999999999,6.859999999999999,01:28,00:02,41.666666666666664,41.7x
turbo,1762320200795-hari-minggoean,Hari Minggoean_030,883.66,16.58,0.0188,0.1013,0,0,0,0.0389,0,0,0,114.02,0.3343,5.22,0.0054,10.0,3674.03,7264,2026-05-08 12:19:46.911363,10.13,3.8899999999999997,14:43,00:16,53.191489361702125,53.2x
turbo,1762320200795-hari-minggoean,Hari Minggoean_031,472.8,9.15,0.0194,0.0942,0,0,0,0.0345,0,0,0,109.55,0.457,5.52,0.0012,8.0,3674.03,7264,2026-05-08 12:19:56.587743,9.42,3.45,07:52,00:09,51.54639175257732,51.5x
turbo,1762320200795-hari-minggoean,Hari Minggoean_032,619.99,11.96,0.0193,0.1346,0,0,0,0.0672,0,0,0,117.14,0.3726,5.17,0.0017,8.3,3674.03,7264,2026-05-08 12:20:09.048290,13.459999999999999,6.72,10:19,00:11,51.81347150259067,51.8x
turbo,1762320200795-hari-minggoean,Hari Minggoean_033,899.71,17.37,0.0193,0.0995,0,0,0,0.0406,0,0,0,116.54,0.3432,5.36,0.0076,9.6,3674.03,7264,2026-05-08 12:20:26.609613,9.950000000000001,4.06,14:59,00:17,51.81347150259067,51.8x
turbo,1762320200795-hari-minggoean,Hari Minggoean_034,1340.98,25.47,0.019,0.1107,0,0,0,0.0514,0,0,0,127.29,0.2797,5.08,0.0021,10.5,3674.03,7264,2026-05-08 12:20:52.603149,11.07,5.140000000000001,22:20,00:25,52.631578947368425,52.6x
turbo,1762320200795-hari-minggoean,Hari Minggoean_035,780.02,14.91,0.0191,0.1301,0,0,0,0.0556,0,0,0,119.0,0.3579,5.24,0.0006,13.0,3674.03,7264,2026-05-08 12:21:07.542567,13.01,5.56,13:00,00:14,52.35602094240838,52.4x
turbo,1762320200795-hari-minggoean,Hari Minggoean_036,328.46,6.24,0.019,0.0506,0,0,0,0.0195,0,0,0,104.34,0.4973,5.4,0.0072,8.7,3674.03,6816,2026-05-08 12:21:13.878425,5.06,1.95,05:28,00:06,52.631578947368425,52.6x
turbo,1762320200795-hari-minggoean,Hari Minggoean_037,1628.54,32.26,0.0198,0.0758,0,0,0,0.0309,0,0,0,123.94,0.2884,5.54,0.0,8.5,3674.03,7264,2026-05-08 12:21:46.676296,7.580000000000001,3.09,27:08,00:32,50.5050505050505,50.5x
turbo,1762320200795-hari-minggoean,Hari Minggoean_038,1719.77,34.3,0.0199,0.0702,0,0,0,0.0268,0,0,0,123.39,0.3027,5.68,0.0006,8.3,3674.03,7266,2026-05-08 12:22:21.113195,7.02,2.68,28:39,00:34,50.25125628140703,50.3x
turbo,1762320200795-hari-minggoean,Hari Minggoean_039,1392.22,27.62,0.0198,0.0969,0,0,0,0.0363,0,0,0,118.36,0.3055,5.47,0.0004,9.7,3674.03,7264,2026-05-08 12:22:49.264240,9.69,3.63,23:12,00:27,50.5050505050505,50.5x
turbo,1763685862325-homostoria,homostoria_01,3234.43,62.52,0.0193,0.1989,0,0,0,0.1009,0,0,0,119.31,0.2093,5.12,0.0009,11.1,3674.03,7264,2026-05-08 12:23:51.933069,19.89,10.09,53:54,01:02,51.81347150259067,51.8x
turbo,1763685862325-homostoria,homostoria_02,2311.73,45.07,0.0195,0.1724,0,0,0,0.0854,0,0,0,123.76,0.2333,5.19,0.0029,9.7,3674.03,7266,2026-05-08 12:24:37.565189,17.24,8.540000000000001,38:31,00:45,51.282051282051285,51.3x
turbo,1763685862325-homostoria,homostoria_03,2755.39,52.04,0.0189,0.1713,0,0,0,0.0952,0,0,0,116.58,0.2328,5.16,0.0047,10.2,3674.03,7264,2026-05-08 12:25:29.921821,17.130000000000003,9.520000000000001,45:55,00:52,52.91005291005291,52.9x
turbo,1763685862325-homostoria,homostoria_04,2231.78,42.84,0.0192,0.1283,0,0,0,0.0698,0,0,0,121.99,0.2326,5.24,0.0002,9.7,3674.03,7266,2026-05-08 12:26:13.316426,12.83,6.98,37:11,00:42,52.083333333333336,52.1x
turbo,1763685862325-homostoria,homostoria_05,3105.96,58.32,0.0188,0.1558,0,0,0,0.0743,0,0,0,117.49,0.2054,5.18,0.0016,10.3,3674.03,7264,2026-05-08 12:27:11.789352,15.58,7.430000000000001,51:45,00:58,53.191489361702125,53.2x
turbo,1763685862325-homostoria,homostoria_06,1917.55,34.51,0.018,0.1492,0,0,0,0.0714,0,0,0,104.15,0.2783,5.32,0.0138,10.7,3674.03,7264,2026-05-08 12:27:46.834797,14.92,7.140000000000001,31:57,00:34,55.55555555555556,55.6x
turbo,1763685862325-homostoria,homostoria_07,2578.78,48.19,0.0187,0.1835,0,0,0,0.0992,0,0,0,114.93,0.2215,5.13,0.0069,10.0,3674.03,7264,2026-05-08 12:28:35.177644,18.35,9.92,42:58,00:48,53.475935828877,53.5x
turbo,1763685862325-homostoria,homostoria_08,3494.69,65.73,0.0188,0.1897,0,0,0,0.1066,0,0,0,113.85,0.2157,5.31,0.0008,11.2,3674.03,7264,2026-05-08 12:29:41.116709,18.970000000000002,10.66,58:14,01:05,53.191489361702125,53.2x
turbo,1763685862325-homostoria,homostoria_09A,2830.78,55.27,0.0195,0.2847,0,0,0,0.1724,0,0,0,112.75,0.2273,5.12,0.0004,9.5,3674.03,7264,2026-05-08 12:30:36.969996,28.470000000000002,17.24,47:10,00:55,51.282051282051285,51.3x
turbo,1763685862325-homostoria,homostoria_09B,3450.07,65.69,0.019,0.2616,0,0,0,0.1592,0,0,0,109.37,0.2225,5.19,0.0,12.3,3674.03,7264,2026-05-08 12:31:43.262897,26.16,15.920000000000002,57:30,01:05,52.631578947368425,52.6x
turbo,1763685862325-homostoria,homostoria_10,3159.48,58.43,0.0185,0.2528,0,0,0,0.1415,0,0,0,108.72,0.2353,5.18,0.0035,9.3,3674.03,7264,2026-05-08 12:32:42.285561,25.28,14.149999999999999,52:39,00:58,54.054054054054056,54.1x
turbo,1763685862325-homostoria,homostoria_11,1602.17,29.81,0.0186,0.1285,0,0,0,0.0487,0,0,0,108.43,0.306,5.35,0.0038,8.0,3674.03,7264,2026-05-08 12:33:12.617950,12.85,4.87,26:42,00:29,53.763440860215056,53.8x
turbo,1763685862325-homostoria,homostoria_12,1686.0,32.04,0.019,0.2261,0,0,0,0.1328,0,0,0,108.68,0.2795,5.07,0.0,10.2,3674.03,7264,2026-05-08 12:33:45.209202,22.61,13.28,28:06,00:32,52.631578947368425,52.6x
turbo,1763685862325-homostoria,homostoria_13,2762.45,51.29,0.0186,0.146,0,0,0,0.0775,0,0,0,119.65,0.2222,5.09,0.0025,11.1,3674.03,7264,2026-05-08 12:34:36.724442,14.6,7.75,46:02,00:51,53.763440860215056,53.8x
turbo,1763685862325-homostoria,homostoria_14,2139.72,38.31,0.0179,0.1441,0,0,0,0.0695,0,0,0,99.32,0.2732,5.29,0.0025,8.6,3674.03,7264,2026-05-08 12:35:15.572192,14.41,6.950000000000001,35:39,00:38,55.865921787709496,55.9x
turbo,1763685862325-homostoria,homostoria_15,1432.68,27.16,0.019,0.1246,0,0,0,0.0533,0,0,0,112.29,0.2851,5.15,0.0004,9.7,3674.03,7264,2026-05-08 12:35:42.758512,12.46,5.33,23:52,00:27,52.631578947368425,52.6x
